word,level,ielts,gre
a,a1,0,0
abandon,b2,1,0
ability,a2,1,0
able,a2,0,0
abolish,c1,1,0
abortion,c1,1,0
about,a1,0,0
above,a1,0,0
abroad,a2,0,0
absence,c1,1,0
absent,c1,1,0
absolute,b2,1,0
absolutely,b1,1,0
absorb,b2,1,0
abstract,b2,1,0
absurd,c1,1,1
abundance,c1,1,0
abuse,c1,1,1
academic,b1,1,0
academy,c1,1,0
accelerate,c1,1,1
accent,b2,0,0
accept,a2,0,0
acceptable,b2,0,0
acceptance,c1,0,0
access,b1,1,0
accessible,c1,1,0
accident,a2,1,0
accidentally,b2,1,0
accommodate,b2,1,0
accommodation,b1,1,0
accompany,b2,1,0
accomplish,b2,1,0
accomplishment,c1,1,0
accordance,c1,0,0
according to,a2,0,0
accordingly,c1,0,0
account,b1,1,0
accountability,c1,0,0
accountable,c1,0,0
accountant,b2,1,0
accumulate,c1,1,0
accumulation,c1,1,0
accuracy,b2,1,0
accurate,b2,1,0
accurately,b2,0,0
accusation,c1,1,0
accuse,b2,1,1
accused,c1,0,0
achieve,a2,1,0
achievement,b1,1,0
acid,c1,1,1
acknowledge,b2,1,0
acquire,b2,1,0
acquisition,c1,1,0
acre,c1,0,0
across,a1,1,0
act,b1,0,0
action,a1,0,0
activate,b2,1,1
activation,c1,0,0
active,a2,0,0
activist,c1,0,0
activity,a1,0,0
actor,a1,0,0
actress,a1,0,0
actual,b2,1,0
actually,a2,1,0
acute,c1,1,1
ad,b1,0,0
adapt,b2,1,0
adaptation,c1,1,0
add,a1,0,0
addiction,b2,0,0
addition,b1,0,0
additional,b2,1,0
additionally,b2,0,0
address,a1,1,0
adequate,b2,1,1
adequately,b2,0,0
adhere,c1,1,1
adjacent,c1,1,0
adjust,b2,1,0
adjustment,c1,1,0
administer,c1,1,0
administration,b2,1,0
administrative,c1,1,0
administrator,c1,0,0
admire,b1,1,1
admission,c1,1,0
admit,b1,1,0
adolescent,c1,1,1
adopt,b2,1,1
adoption,c1,1,0
adult,a2,1,0
advance,b2,1,0
advanced,b1,1,0
advantage,a2,0,0
adventure,a2,1,0
adverse,c1,1,0
advertise,a2,1,0
advertisement,a2,0,0
advertising,a2,0,0
advice,a1,0,0
advise,b1,0,0
advocate,c1,1,1
aesthetic,c1,0,1
affair,b2,0,0
affect,a2,1,0
affection,c1,1,0
afford,b1,1,0
affordable,b2,1,0
afraid,a1,0,0
after,a2,0,0
aftermath,c1,0,0
afternoon,a1,0,0
afterwards,b2,0,0
again,a1,0,0
against,a2,0,0
age,a1,0,0
aged,b1,0,0
agency,b2,1,0
agenda,b2,0,0
agent,b1,1,0
aggression,c1,0,1
aggressive,b2,1,0
ago,a1,0,0
agree,a1,0,0
agreement,b1,1,0
agricultural,c1,0,0
agriculture,b2,1,1
ah,a2,0,0
ahead,b1,0,0
aid,b2,1,0
aide,c1,0,0
aids,b2,0,0
aim,b1,1,0
air,a1,1,0
aircraft,b2,1,0
airline,a2,0,0
airport,a1,0,0
alarm,b1,1,0
albeit,c1,0,1
album,b1,1,0
alcohol,b1,0,0
alcoholic,b1,0,0
alert,c1,1,0
alien,c1,1,1
align,c1,0,0
alignment,c1,1,0
alike,c1,1,0
alive,a2,0,0
all,a2,0,0
all right,a2,0,0
allegation,c1,0,0
allege,c1,0,0
allegedly,c1,0,0
alliance,c1,1,0
allocate,c1,1,1
allocation,c1,0,0
allow,a2,0,0
allowance,c1,1,0
ally,c1,1,0
almost,a2,0,0
alone,a2,1,0
along,a2,1,0
alongside,b2,1,0
already,a2,0,0
also,a1,0,0
alter,b2,1,1
alternative,b1,1,1
although,a2,0,0
altogether,b2,0,0
aluminium,c1,0,0
always,a1,0,0
amateur,c1,1,0
amazed,b1,0,0
amazing,a1,0,0
ambassador,c1,1,0
ambition,b1,1,0
ambitious,b1,1,0
ambulance,b2,1,0
amend,c1,1,1
amendment,c1,1,1
amid,c1,1,0
among,a2,0,0
amount,a2,1,0
amusing,b2,0,0
analogy,c1,1,0
analyse,b1,0,0
analysis,b1,1,0
analyst,b2,0,0
ancestor,b2,1,1
anchor,c1,1,0
ancient,a2,0,0
and,a1,0,0
angel,c1,0,0
anger,b2,0,0
angle,b2,0,0
angry,a1,0,0
animal,a1,0,1
animation,b2,1,0
ankle,a2,1,0
anniversary,b2,1,0
announce,b1,1,1
announcement,b1,1,0
annoy,b1,1,0
annoyed,b1,0,0
annoying,b1,0,0
annual,b2,1,1
annually,b2,1,0
anonymous,c1,0,0
another,a1,0,0
answer,a1,0,0
anticipate,b2,1,1
anxiety,b2,1,0
anxious,b2,1,0
any,a2,0,0
any more,a2,0,0
anybody,a2,0,0
anyone,a1,0,0
anything,a1,0,0
anyway,a2,0,0
anywhere,a2,0,0
apart,b1,1,0
apartment,a1,0,0
apologize,b1,1,0
apology,b2,1,0
app,a2,0,0
apparatus,c1,1,0
apparent,b2,1,0
apparently,b2,0,0
appeal,b2,1,0
appealing,c1,1,0
appear,a2,0,0
appearance,a2,0,0
appetite,c1,1,0
applaud,c1,1,1
apple,a1,0,0
applicable,c1,1,0
applicant,b2,1,0
application,b1,1,0
apply,a2,1,0
appoint,c1,1,0
appointment,b1,1,0
appreciate,b1,1,0
appreciation,c1,1,0
approach,b2,1,0
appropriate,b2,1,1
appropriately,b2,0,0
approval,b2,1,0
approve,b2,1,0
approximately,b1,1,0
april,a1,0,0
arbitrary,c1,1,1
architect,a2,1,0
architectural,c1,0,0
architecture,a2,1,0
archive,c1,0,0
area,a1,1,0
arena,c1,1,0
arguably,c1,0,0
argue,a2,1,0
argument,a2,0,0
arise,b2,1,0
arm,a1,0,0
armed,b2,0,0
arms,b2,1,0
army,a2,0,0
around,a1,0,0
arrange,a2,1,0
arrangement,a2,1,0
array,c1,1,0
arrest,b1,1,0
arrival,b1,0,0
arrive,a1,0,0
arrow,b2,0,0
art,a1,0,1
article,a1,1,1
articulate,c1,0,1
artificial,b2,1,0
artist,a1,0,0
artistic,b2,0,0
artwork,b2,0,0
as,a2,0,0
ash,c1,0,0
ashamed,b2,1,0
aside,b2,1,0
ask,a1,0,0
asleep,a2,0,0
aspect,b2,1,0
aspiration,c1,0,0
aspire,c1,0,0
assassination,c1,1,0
assault,c1,1,1
assemble,c1,1,1
assembly,c1,1,0
assert,c1,1,1
assertion,c1,0,0
assess,b2,1,0
assessment,b2,1,0
asset,b2,0,0
assign,b2,1,0
assignment,b1,1,0
assist,b1,1,0
assistance,b2,1,0
assistant,a2,1,0
associate,b2,1,0
associated,b2,0,0
association,b2,1,0
assume,b2,1,1
assumption,b2,1,0
assurance,c1,1,0
assure,b2,1,1
astonishing,b2,0,0
asylum,c1,0,0
at,a1,0,0
athlete,a2,1,0
atmosphere,b1,1,0
atrocity,c1,0,1
attach,b1,1,0
attachment,b2,1,0
attack,a2,1,0
attain,c1,1,0
attempt,b2,1,0
attend,a2,1,0
attendance,c1,1,0
attention,a2,1,0
attitude,b1,1,0
attorney,c1,1,0
attract,b1,1,0
attraction,b1,1,0
attractive,a2,0,0
attribute,c1,1,0
auction,b2,1,1
audience,a2,1,0
audio,b2,0,0
audit,c1,0,0
august,a1,1,1
aunt,a1,0,0
authentic,c1,0,1
author,a2,1,0
authority,b1,1,0
authorize,c1,1,0
auto,c1,0,0
automatic,b2,1,0
automatically,b2,0,0
autonomy,c1,1,0
autumn,a1,0,0
availability,c1,0,0
available,a2,1,0
average,a2,1,0
avoid,a2,1,1
await,c1,0,0
award,a2,0,0
aware,b1,1,0
awareness,b2,0,0
away,a1,0,0
awful,a2,1,0
awkward,b2,1,0
baby,a1,0,0
back,a2,0,0
backdrop,c1,0,0
background,a2,0,0
backing,c1,0,0
backup,c1,0,0
backwards,b1,0,0
bacteria,b2,0,0
bad,a1,0,0
badge,b2,1,0
badly,a2,0,0
bag,a1,0,0
bail,c1,0,0
bake,b1,1,0
balance,b1,1,0
balanced,b2,0,0
ball,a1,0,0
ballet,b2,1,0
balloon,b2,1,0
ballot,c1,0,0
ban,b1,0,1
banana,a1,0,0
band,a1,1,0
bank,a1,0,0
banner,c1,1,0
bar,a2,1,0
bare,c1,1,0
barely,b2,1,0
bargain,b2,1,0
barrel,c1,1,0
barrier,b2,1,0
base,b1,0,1
baseball,a2,1,0
based,a2,0,0
basement,b2,1,0
basic,b1,0,0
basically,b2,0,0
basis,b1,0,0
basket,b2,0,0
basketball,a2,0,0
bass,c1,0,0
bat,b2,0,0
bath,a1,0,0
bathroom,a1,0,0
battery,b1,1,0
battle,b1,0,0
battlefield,c1,0,0
bay,c1,1,0
be,a1,0,0
beach,a1,0,0
beam,c1,1,0
bean,a2,1,0
bear,a2,1,0
beast,c1,0,0
beat,b2,1,0
beautiful,a1,0,0
beauty,b1,0,0
because,a1,0,0
become,a1,1,0
bed,a1,0,0
bedroom,a1,0,0
bee,b1,0,0
beef,a2,0,0
beer,a1,0,0
before,a2,0,0
beg,b2,0,0
begin,a1,0,0
beginning,a1,0,0
behalf,c1,1,0
behave,a2,1,0
behaviour,a2,0,0
behind,a1,0,0
being,b2,0,0
belief,b1,0,0
believe,a1,0,0
bell,b1,0,0
belong,a2,0,0
beloved,c1,1,0
below,a1,1,0
belt,a2,0,0
bench,c1,0,0
benchmark,c1,0,0
bend,b1,1,0
beneath,c1,1,0
beneficial,b2,1,0
beneficiary,c1,1,0
benefit,a2,1,1
bent,b2,1,0
beside,b2,0,0
besides,b2,1,0
best,a1,0,0
bet,b2,1,0
betray,c1,1,0
better,a1,0,0
between,a2,0,0
beyond,b2,0,0
bias,b2,1,0
bicycle,a1,0,1
bid,b2,1,0
big,a1,0,0
bike,a1,0,0
bill,a1,1,0
billion,a2,1,0
bin,a2,0,0
bind,c1,1,0
biography,c1,1,0
biological,b2,0,0
biology,a2,0,0
bird,a1,0,0
birth,a2,0,0
birthday,a1,0,0
biscuit,a2,0,0
bishop,c1,0,0
bit,a2,0,0
bite,b1,1,0
bitter,b2,1,0
bizarre,c1,0,0
black,a1,0,0
blade,c1,1,0
blame,b2,1,0
blank,a2,1,1
blanket,b2,1,0
blast,c1,1,0
bleed,c1,1,0
blend,c1,1,0
bless,c1,1,1
blessing,c1,1,0
blind,b2,0,0
block,b1,1,0
blog,a1,0,0
blonde,a1,0,0
blood,a2,0,0
blow,b2,0,0
blue,a1,0,0
board,a2,1,0
boast,c1,1,0
boat,a1,0,0
body,a1,0,0
boil,a2,1,0
bold,b2,1,0
bomb,b1,0,1
bombing,b2,0,0
bond,b2,1,0
bone,a2,0,0
bonus,c1,1,0
book,a1,0,0
booking,b2,0,0
boom,c1,1,0
boost,b2,1,0
boot,a1,0,0
border,b1,1,0
bored,a1,0,0
boring,a1,1,0
born,a1,0,0
borrow,a2,0,0
boss,a2,0,0
both,a1,0,0
bother,b1,1,0
bottle,a1,0,0
bottom,a2,0,0
bounce,c1,1,0
bound,b2,1,0
boundary,c1,1,0
bow,c1,1,0
bowl,a2,1,0
box,a1,0,0
boy,a1,0,0
boyfriend,a1,0,0
brain,a2,1,0
branch,b1,0,0
brand,b1,1,0
brave,b1,0,0
breach,c1,1,0
bread,a1,0,0
break,a1,1,0
breakdown,c1,1,0
breakfast,a1,0,0
breakthrough,c1,1,0
breast,b2,0,0
breath,b1,1,0
breathe,b1,1,0
breathing,b1,0,0
breed,c1,1,0
brick,b2,0,0
bride,b1,0,0
bridge,a2,0,0
brief,b2,1,0
briefly,b2,0,0
bright,a2,0,0
brilliant,a2,1,0
bring,a1,0,0
broad,b2,0,0
broadband,c1,0,0
broadcast,b2,1,0
broadcaster,b2,0,0
broadly,b2,0,0
broken,a2,0,0
brother,a1,0,0
brown,a1,1,0
browser,c1,0,0
brush,a2,0,0
brutal,c1,1,0
bubble,b1,1,0
buck,c1,0,0
buddy,c1,0,0
budget,b2,1,0
buffer,c1,0,0
bug,b2,1,0
build,a1,0,0
building,a1,0,0
bulk,c1,1,0
bullet,b2,0,0
bunch,b2,1,0
burden,c1,0,0
bureaucracy,c1,1,0
burial,c1,1,0
burn,b2,0,0
burst,c1,0,0
bury,b1,0,0
bus,a1,0,0
bush,b2,1,0
business,a1,1,0
businessman,a2,0,0
busy,a1,0,0
but,a1,0,0
butter,a1,1,0
button,a2,0,0
buy,a1,0,0
by,b1,0,0
bye,a1,0,0
cabin,b2,1,0
cabinet,c1,1,0
cable,b2,1,0
cafe,a1,1,0
cake,a1,0,0
calculate,b2,1,1
calculation,c1,1,0
call,a1,0,0
calm,b1,1,0
camera,a1,0,0
camp,a2,0,0
campaign,b1,1,0
camping,a2,0,0
campus,b1,1,0
can,a2,0,0
canal,b2,1,0
cancel,b2,1,0
cancer,b2,0,0
candidate,b1,1,0
candle,b2,0,1
cannot,a1,0,0
canvas,c1,1,0
cap,b1,0,0
capability,c1,1,0
capable,b2,1,0
capacity,b2,1,0
capital,a1,1,1
capitalism,c1,0,0
capitalist,c1,0,0
captain,b1,0,0
capture,b2,1,1
car,a1,0,0
carbon,b2,0,0
card,a1,1,0
care,a2,0,0
career,a1,1,0
careful,a2,1,0
carefully,a2,0,0
careless,b1,1,0
cargo,c1,1,0
carpet,a2,0,0
carriage,c1,0,0
carrot,a1,1,0
carry,a1,1,0
cartoon,a2,1,0
carve,c1,1,0
case,a2,0,0
cash,a2,1,0
casino,c1,0,0
cast,b2,1,0
castle,a2,0,0
casual,b2,1,0
casualty,c1,1,1
cat,a1,0,0
catalogue,c1,0,0
catch,b2,1,0
category,b1,1,0
cater,c1,1,0
cattle,c1,0,0
cause,a2,1,0
caution,c1,1,0
cautious,c1,1,0
cave,b2,0,1
cd,a1,0,0
cease,c1,1,0
ceiling,b1,0,0
celebrate,a2,1,0
celebration,b1,0,0
celebrity,a2,0,0
cell,b2,1,0
cemetery,c1,1,0
cent,a1,0,0
central,b1,0,0
centre,a1,0,0
century,a1,0,0
ceremony,b1,1,0
certain,a2,0,0
certainly,a2,0,0
certainty,b2,1,0
certificate,b2,1,0
chain,b1,0,0
chair,a1,0,0
chairman,b2,0,0
challenge,b1,1,0
challenging,b2,0,0
chamber,c1,1,0
champion,b1,1,1
championship,b2,1,0
chance,a2,0,0
change,a1,0,0
channel,b1,1,0
chaos,c1,1,0
chapter,b1,1,0
character,a2,1,0
characteristic,b2,1,0
characterize,c1,1,0
charge,b1,1,0
charity,a2,1,0
charm,c1,1,0
charming,b2,0,0
chart,a1,1,0
charter,c1,1,0
chase,b2,1,0
chat,a2,1,0
cheap,a1,0,0
cheat,b1,0,0
check,a2,1,0
cheek,b2,0,0
cheer,b2,1,0
cheerful,b1,0,0
cheese,a1,0,0
chef,a2,0,0
chemical,b1,0,0
chemistry,a2,0,0
chest,b1,0,0
chicken,a1,0,0
chief,b2,1,0
child,a1,0,0
childhood,b1,0,0
chip,a2,1,0
chocolate,a1,0,0
choice,a2,0,0
choir,b2,0,0
choose,a1,0,0
chop,b2,1,0
chronic,c1,0,1
chunk,c1,0,0
church,a2,0,0
cigarette,a2,0,0
cinema,a1,0,0
circle,a2,1,0
circuit,b2,1,0
circulate,c1,1,0
circulation,c1,1,0
circumstance,b2,1,0
cite,b2,1,0
citizen,b2,0,0
citizenship,c1,1,0
city,a1,0,0
civic,c1,0,0
civil,b2,1,0
civilian,c1,0,0
civilization,b2,1,0
claim,b1,1,0
clarify,b2,1,1
clarity,c1,0,0
clash,c1,1,0
class,a1,0,0
classic,b2,1,0
classical,a2,1,0
classification,c1,1,0
classify,b2,1,0
classroom,a1,0,0
clause,b1,1,0
clean,a1,0,0
clear,a2,1,0
clearly,a2,0,0
clerk,b2,0,0
clever,a2,0,0
click,b1,0,0
client,b1,1,0
cliff,b2,0,0
climate,a2,1,0
climb,b1,0,0
cling,c1,1,0
clinic,b2,1,0
clinical,c1,0,0
clip,b2,1,0
clock,a1,0,0
close,a2,0,1
closed,a2,0,0
closely,b2,0,0
closure,c1,0,0
cloth,b1,0,0
clothes,a1,0,0
clothing,a2,0,0
cloud,a2,0,0
club,a1,0,0
clue,b1,1,0
cluster,c1,1,0
coach,a2,1,0
coal,b1,0,0
coalition,c1,0,1
coast,a2,0,0
coastal,c1,0,0
coat,a1,0,0
cocktail,c1,0,0
code,a2,1,1
coffee,a1,0,0
cognitive,c1,0,1
coin,b1,1,0
coincide,c1,1,1
coincidence,b2,1,0
cold,a1,0,0
collaborate,c1,1,1
collaboration,c1,1,0
collapse,b2,1,0
colleague,a2,1,0
collect,a2,0,0
collection,b1,0,0
collective,c1,1,0
collector,b2,0,0
college,a1,0,0
collision,c1,1,0
colonial,c1,1,0
colony,b2,1,0
colour,a1,0,0
coloured,b1,0,0
colourful,b2,0,0
column,a2,1,0
columnist,c1,0,0
combat,c1,1,1
combination,b2,1,0
combine,b1,1,0
come,a1,0,0
comedy,a2,1,0
comfort,b2,0,0
comfortable,a2,0,0
comic,b2,1,0
command,b2,0,0
commander,b2,1,0
commence,c1,1,0
comment,a2,1,0
commentary,c1,0,0
commentator,c1,0,0
commerce,c1,1,0
commercial,b1,1,1
commission,b2,1,0
commissioner,c1,0,0
commit,b1,1,0
commitment,b2,1,0
committee,b2,1,0
commodity,c1,1,0
common,a1,0,0
commonly,b2,0,0
communicate,a2,1,0
communication,b1,1,0
communist,c1,0,0
community,a2,1,0
companion,c1,1,0
company,a1,1,0
comparable,c1,1,0
comparative,b2,1,0
compare,a1,1,1
comparison,b1,0,0
compassion,c1,0,0
compel,c1,1,1
compelling,c1,0,1
compensate,c1,1,0
compensation,c1,1,0
compete,a2,1,0
competence,c1,0,0
competent,c1,1,0
competition,a2,1,0
competitive,b1,1,0
competitor,b1,1,0
compile,c1,1,0
complain,a2,1,0
complaint,b1,1,0
complement,c1,1,0
complete,a1,0,1
completely,a2,0,0
completion,b2,0,0
complex,b1,1,0
complexity,c1,1,0
compliance,c1,1,1
complicated,b2,1,0
complication,c1,0,0
comply,c1,1,0
component,b2,1,0
compose,b2,1,0
composer,b2,0,0
composition,c1,1,0
compound,b2,1,0
comprehensive,b2,1,1
comprise,b2,1,0
compromise,c1,1,1
compulsory,b2,1,1
compute,c1,1,0
computer,a1,0,0
conceal,c1,1,0
concede,c1,1,1
conceive,c1,1,0
concentrate,b1,1,0
concentration,b2,0,0
concept,b2,1,0
conception,c1,1,0
concern,b2,1,0
concerned,b2,0,0
concert,a1,1,0
concession,c1,1,0
conclude,b1,1,0
conclusion,b1,0,0
concrete,b2,1,0
condemn,c1,1,1
condition,a2,1,0
conduct,b2,1,1
confer,c1,1,1
conference,a2,1,0
confess,b2,1,1
confession,c1,1,0
confidence,b2,1,0
confident,b1,1,1
configuration,c1,0,1
confine,c1,1,1
confirm,b1,1,1
confirmation,c1,1,0
conflict,b2,1,1
confront,c1,1,1
confrontation,c1,1,0
confuse,b1,1,1
confused,b1,0,0
confusing,b2,0,0
confusion,b2,1,0
congratulate,c1,0,0
congregation,c1,0,0
congressional,c1,0,0
connect,a2,1,0
connected,a2,0,0
connection,b1,1,0
conquer,c1,1,0
conscience,c1,1,1
conscious,b2,1,0
consciousness,c1,1,0
consecutive,c1,1,1
consensus,c1,0,1
consent,c1,1,1
consequence,b1,1,0
consequently,b2,1,0
conservation,b2,1,0
conservative,b2,1,1
conserve,c1,0,0
consider,a2,0,0
considerable,b2,1,0
considerably,b2,1,0
consideration,b2,1,0
consist,b1,1,0
consistency,c1,1,0
consistent,b2,1,1
consistently,b2,0,0
consolidate,c1,1,1
conspiracy,b2,1,1
constant,b2,1,1
constantly,b2,1,0
constituency,c1,0,0
constitute,c1,1,0
constitution,c1,1,0
constitutional,c1,0,0
constraint,c1,1,0
construct,b2,1,1
construction,b2,1,0
consult,b2,1,0
consultant,b2,1,0
consultation,c1,0,0
consume,b1,1,0
consumer,b1,1,0
consumption,b2,1,0
contact,b1,1,1
contain,a2,1,1
container,b1,1,0
contemplate,c1,1,1
contemporary,b2,1,0
contempt,c1,1,1
contend,c1,0,0
contender,c1,0,0
content,c1,1,0
contention,c1,0,0
contest,b2,1,1
context,a2,1,0
continent,a2,1,0
continually,c1,0,0
continue,a2,0,0
continuous,b1,0,0
contract,b2,1,0
contractor,c1,0,0
contradiction,c1,1,0
contrary,c1,1,0
contrast,b1,1,0
contribute,b2,1,0
contribution,b2,1,0
contributor,c1,0,0
control,a2,0,0
controversial,b2,1,0
controversy,b2,1,0
convenience,b2,1,0
convenient,b1,1,0
convention,b2,1,0
conventional,b2,1,1
conversation,a1,1,0
conversion,c1,1,0
convert,b2,1,1
convey,b2,1,1
convict,c1,1,0
conviction,c1,1,1
convince,b1,1,1
convinced,b2,1,0
convincing,b2,0,0
cook,a2,0,1
cooker,a2,0,0
cooking,a1,0,0
cool,a1,0,0
cooperate,c1,1,0
cooperative,c1,1,0
coordinate,c1,1,0
coordination,c1,1,0
coordinator,c1,0,0
cop,c1,0,0
cope,b2,0,0
copper,c1,0,0
copy,a2,0,0
copyright,c1,0,0
core,b2,1,0
corner,a2,1,0
corporate,b2,1,0
corporation,b2,1,0
correct,a1,0,0
correction,c1,0,0
correctly,a2,0,0
correlate,c1,1,0
correlation,c1,1,0
correspond,c1,1,0
correspondence,c1,1,0
correspondent,c1,1,0
corresponding,c1,1,0
corridor,b2,0,0
corrupt,c1,1,0
corruption,c1,1,0
cost,a1,0,0
costly,c1,0,0
costume,b1,0,0
cottage,b1,0,0
cotton,b1,0,0
could,a1,0,0
council,b2,0,0
councillor,c1,0,0
counselling,c1,0,0
counsellor,c1,0,0
count,b1,0,0
counter,b2,1,0
counterpart,c1,1,1
countless,c1,1,0
country,a1,0,0
countryside,b1,0,0
county,b2,0,0
coup,c1,0,0
couple,a2,1,0
courage,b2,0,0
course,a1,0,0
court,b1,1,0
courtesy,c1,1,0
cousin,a1,0,0
cover,b1,1,0
coverage,b2,1,0
covered,b1,0,0
cow,a1,0,0
crack,b2,1,0
craft,b2,1,0
crash,b2,1,0
crawl,c1,1,0
crazy,a2,1,0
cream,b1,0,0
create,a1,1,1
creation,b2,1,0
creative,a2,0,0
creativity,b2,0,0
creator,c1,0,0
creature,b2,0,0
credibility,c1,0,0
credible,c1,0,0
credit,a2,1,0
creep,c1,1,0
crew,b2,1,0
crime,a2,0,0
criminal,b1,1,0
crisis,b2,1,0
criterion,b2,0,0
critic,b2,0,0
critical,b2,1,1
critically,b2,0,0
criticism,b2,0,0
criticize,b2,0,0
critique,c1,0,0
crop,b2,1,0
cross,a2,0,0
crowd,a2,0,0
crowded,a2,0,0
crown,c1,1,0
crucial,b2,0,0
crude,c1,1,0
cruel,b1,0,0
cruise,b2,1,0
crush,c1,1,0
cry,b2,0,0
crystal,c1,1,0
cue,b2,0,0
cult,c1,0,1
cultivate,c1,1,0
cultural,b1,0,0
culture,a1,1,0
cup,a1,0,0
cupboard,a2,1,0
cure,b2,1,0
curiosity,c1,1,0
curious,b2,1,0
curly,a2,0,0
currency,b1,1,0
current,b1,1,0
currently,b1,1,0
curriculum,b2,0,0
curtain,b1,0,0
curve,b2,1,0
curved,b2,0,0
custody,c1,1,0
custom,b1,1,0
customer,a1,1,0
cut,b1,0,0
cute,b2,0,0
cutting,c1,0,0
cycle,a2,1,0
cynical,c1,0,1
dad,a1,0,0
daily,a2,0,0
dairy,b2,1,0
dam,c1,1,0
damage,b1,0,0
damaging,c1,0,0
dance,a1,0,0
dancer,a1,0,0
dancing,a1,0,0
danger,a2,0,0
dangerous,a1,1,0
dare,b2,0,0
dark,a1,0,0
darkness,b2,0,0
data,a2,1,0
database,b2,0,0
date,a1,1,0
daughter,a1,0,0
dawn,c1,1,0
day,a1,0,0
dead,a2,0,0
deadline,b2,0,0
deadly,b2,1,0
deal,b1,1,0
dealer,b2,0,0
dear,a1,0,0
death,a2,0,0
debate,b2,1,0
debris,c1,0,0
debt,b2,1,0
debut,c1,0,0
decade,b1,1,0
december,a1,0,0
decent,b2,1,0
decide,a1,0,0
decision,a2,0,0
decision-making,c1,0,0
decisive,c1,0,0
deck,b2,1,0
declaration,c1,1,0
declare,b2,1,0
decline,b2,1,0
decorate,b1,1,1
decoration,b2,1,0
decrease,b2,1,0
dedicated,c1,0,0
dedication,c1,0,0
deed,c1,1,0
deem,c1,1,0
deep,a2,0,0
deeply,b2,0,0
default,c1,1,0
defeat,b2,1,0
defect,c1,1,0
defence,b2,1,0
defend,b2,1,0
defender,b2,0,0
defensive,c1,0,0
deficiency,c1,1,0
deficit,c1,1,0
define,b1,1,0
definite,b1,1,1
definitely,a2,1,0
definition,b1,1,0
defy,c1,1,1
degree,a2,0,0
delay,b2,1,0
delegate,c1,1,0
delegation,c1,0,0
delete,b2,1,1
deliberate,b2,1,0
deliberately,b2,1,0
delicate,c1,1,0
delicious,a1,1,0
delight,b2,0,0
delighted,b2,0,0
deliver,b1,1,0
delivery,b2,0,0
demand,b2,0,1
democracy,b2,1,1
democratic,b2,0,0
demon,c1,0,0
demonstrate,b2,1,1
demonstration,b2,1,0
denial,c1,1,0
denounce,c1,1,1
dense,c1,1,1
density,c1,1,0
dentist,a2,1,0
deny,b2,1,0
depart,b2,1,0
department,a2,0,0
departure,b1,1,0
depend,a2,0,0
dependence,c1,1,0
dependent,b2,1,0
depict,c1,1,1
deploy,c1,0,0
deployment,c1,0,0
deposit,b2,1,0
depressed,b2,1,0
depressing,b2,0,0
depression,b2,1,0
deprive,c1,1,1
depth,b2,0,0
deputy,c1,1,0
derive,b2,1,0
descend,c1,1,0
descent,c1,1,0
describe,a1,0,1
description,a1,1,0
desert,a2,1,0
deserve,b2,1,0
design,a1,1,0
designate,c1,1,0
designer,a2,0,0
desirable,c1,1,0
desire,b2,1,0
desk,a1,0,0
desktop,c1,0,0
desperate,b2,1,1
desperately,b2,0,0
despite,b1,1,0
destination,b1,1,0
destroy,a2,0,0
destruction,b2,1,0
destructive,c1,1,0
detail,a1,0,0
detailed,b2,0,0
detain,c1,1,0
detect,b2,1,1
detection,c1,1,1
detective,a2,1,0
detention,c1,0,0
deteriorate,c1,1,0
determination,b2,1,0
determine,b1,1,0
determined,b1,0,0
devastate,c1,0,0
develop,a2,0,0
development,b1,0,0
device,a2,1,0
devil,c1,0,0
devise,c1,1,0
devote,b2,1,0
diagnose,c1,1,0
diagnosis,c1,1,0
diagram,b1,1,0
dialogue,a1,0,1
diamond,b1,0,0
diary,a2,0,1
dictate,c1,1,1
dictator,c1,1,0
dictionary,a1,0,0
die,a1,0,0
diet,a1,1,0
differ,b2,1,0
difference,a1,0,0
different,a1,0,0
differentiate,c1,0,0
differently,a2,0,0
difficult,a1,0,0
difficulty,b1,0,0
dig,b2,0,0
digital,a2,1,0
dignity,c1,1,1
dilemma,c1,0,1
dimension,c1,1,0
diminish,c1,1,0
dinner,a1,0,0
dip,c1,1,0
diplomat,c1,1,0
diplomatic,c1,1,0
direct,a2,0,0
direction,a2,0,0
directly,b1,0,0
director,a2,0,0
directory,c1,0,0
dirt,b1,0,0
dirty,a1,0,0
disability,b2,0,0
disabled,b2,0,0
disadvantage,b1,1,0
disagree,a2,0,0
disagreement,b2,0,0
disappear,a2,0,0
disappoint,b2,0,0
disappointed,b1,0,0
disappointing,b1,0,0
disappointment,b2,1,0
disaster,a2,1,0
disastrous,c1,1,0
disc,b2,1,0
discard,c1,1,0
discharge,c1,1,0
discipline,b2,1,0
disclose,c1,1,0
disclosure,c1,0,0
discount,b1,1,0
discourage,b2,1,0
discourse,c1,1,1
discover,a2,0,0
discovery,a2,0,0
discretion,c1,1,1
discrimination,c1,0,0
discuss,a1,0,1
discussion,a2,0,0
disease,a2,0,0
dish,a1,0,0
dishonest,b2,0,0
disk,b2,0,0
dislike,b1,0,0
dismiss,b2,1,1
dismissal,c1,0,0
disorder,b2,1,0
displace,c1,1,0
display,b2,1,0
disposal,c1,0,0
dispose,c1,1,0
dispute,c1,1,0
disrupt,c1,0,1
disruption,c1,0,0
dissolve,c1,1,1
distance,a2,1,0
distant,b2,1,0
distinct,b2,1,0
distinction,c1,1,0
distinctive,c1,0,0
distinguish,b2,1,0
distort,c1,1,1
distract,b2,1,1
distress,c1,1,0
distribute,b2,1,1
distribution,b2,1,0
district,b2,1,0
disturb,b2,1,1
disturbing,c1,0,0
dive,b2,1,0
diverse,b2,1,0
diversity,b2,1,0
divert,c1,1,1
divide,b2,1,0
divine,c1,1,0
division,b2,1,0
divorce,b2,1,0
divorced,a2,0,0
do,a1,0,0
doctor,a1,0,1
doctrine,c1,1,0
document,a2,1,0
documentary,b1,1,0
documentation,c1,1,0
dog,a1,0,0
dollar,a1,0,0
domain,c1,1,1
domestic,b2,1,0
dominance,c1,0,0
dominant,b2,1,0
dominate,b2,1,0
donate,b1,1,1
donation,b2,1,0
donor,c1,0,0
door,a1,0,0
dose,c1,1,0
dot,b2,1,0
double,a2,0,0
doubt,b1,1,0
down,a1,0,0
download,a2,0,0
downstairs,a2,0,0
downtown,b2,1,0
downwards,b2,0,0
dozen,b2,0,0
draft,b2,1,0
drag,b2,1,0
drain,c1,1,0
drama,a2,1,0
dramatic,b2,1,0
dramatically,b2,0,0
draw,a1,1,0
drawing,a2,1,0
dream,a2,0,0
dress,a1,0,0
dressed,b1,0,0
drift,c1,1,0
drink,a1,0,0
drive,a2,0,0
driver,a1,0,0
driving,c1,0,0
drop,b1,0,0
drought,b2,1,0
drown,c1,1,0
drug,a2,0,0
drum,b1,0,0
drunk,b1,0,0
dry,a2,0,0
dual,c1,0,0
dub,c1,0,0
due,b1,1,1
dull,b2,1,0
dumb,c1,1,0
dump,b2,1,0
duo,c1,0,0
duration,b2,1,0
during,a1,0,0
dust,b1,0,0
duty,b1,0,0
dvd,a1,0,0
dynamic,b2,1,0
each,a1,0,0
eager,c1,1,0
ear,a1,0,0
early,a1,0,0
earn,a2,0,0
earnings,c1,0,0
earth,a2,0,0
earthquake,b1,1,0
ease,c1,1,0
easily,a2,0,0
east,a1,0,0
eastern,b1,0,0
easy,a1,0,0
eat,a1,0,0
echo,c1,1,0
ecological,c1,0,0
economic,b1,1,0
economics,b2,1,0
economist,b2,0,0
economy,b1,1,0
edge,b1,1,0
edit,b2,1,0
edition,b2,1,0
editor,b1,0,0
editorial,b2,1,0
educate,b1,0,0
educated,b1,0,0
education,a2,1,0
educational,b1,0,0
educator,c1,0,0
effect,a2,0,0
effective,b1,1,0
effectively,b1,0,0
effectiveness,c1,1,0
efficiency,c1,1,0
efficient,b2,1,0
efficiently,b2,0,0
effort,b1,1,0
egg,a1,0,0
ego,c1,0,0
eight,a1,0,0
eighteen,a1,0,0
eighty,a1,0,0
either,a2,0,0
elaborate,c1,1,0
elbow,b2,1,0
elderly,b2,0,0
elect,b2,0,0
election,b1,1,1
electoral,c1,0,0
electric,a2,0,0
electrical,a2,1,0
electricity,a2,0,0
electronic,a2,1,0
electronics,b2,1,0
elegant,b2,1,0
element,b1,1,0
elementary,b2,1,0
elephant,a1,0,0
elevate,c1,1,1
eleven,a1,0,0
eligible,c1,0,0
eliminate,b2,1,0
elite,c1,0,0
else,a1,0,0
elsewhere,b2,0,0
email,a1,0,0
embark,c1,1,0
embarrassed,b1,0,0
embarrassing,b1,0,0
embarrassment,c1,0,0
embassy,c1,1,0
embed,c1,0,0
embody,c1,1,1
embrace,b2,1,0
emerge,b2,1,0
emergence,c1,0,0
emergency,b1,1,0
emission,b2,1,0
emotion,b1,1,0
emotional,b2,1,0
emotionally,b2,0,0
emphasis,b2,1,0
emphasize,b2,1,0
empire,b2,0,0
empirical,c1,1,0
employ,a2,1,0
employee,a2,1,0
employer,a2,1,0
employment,b1,1,0
empower,c1,0,0
empty,a2,1,0
enable,b2,1,0
enact,c1,0,0
encompass,c1,0,0
encounter,b2,1,0
encourage,b1,1,0
encouragement,c1,0,0
encouraging,c1,0,0
end,a1,0,0
endeavour,c1,0,0
ending,a2,0,0
endless,c1,1,0
endorse,c1,1,1
endorsement,c1,1,0
endure,c1,1,1
enemy,b1,0,0
energy,a2,1,0
enforce,c1,1,0
enforcement,c1,0,0
engage,b2,1,0
engaged,b1,0,0
engagement,c1,1,0
engaging,c1,0,0
engine,a2,0,0
engineer,a2,0,0
engineering,b1,0,0
enhance,b2,1,0
enjoy,a1,0,0
enjoyable,b2,0,0
enormous,a2,1,0
enough,a1,0,0
enquire,c1,1,0
enquiry,b2,1,0
enrich,c1,1,0
enrol,c1,0,0
ensue,c1,0,0
ensure,b2,1,0
enter,a2,0,0
enterprise,c1,1,0
entertain,b1,1,0
entertaining,b2,0,0
entertainment,b1,1,0
enthusiasm,b2,1,0
enthusiast,c1,0,0
enthusiastic,b2,1,0
entire,b2,0,0
entirely,b2,0,0
entitle,c1,1,0
entity,c1,0,0
entrance,b1,1,0
entrepreneur,b2,0,0
entry,b1,1,0
envelope,b2,0,0
environment,a2,1,0
environmental,b1,0,0
epidemic,c1,1,0
episode,b1,1,0
equal,b1,1,1
equality,c1,1,0
equally,b1,0,0
equation,c1,1,0
equip,b2,1,0
equipment,a2,1,0
equivalent,b2,1,1
era,b2,0,0
erect,c1,1,0
error,a2,0,1
erupt,b2,1,0
escalate,c1,0,1
escape,b1,1,0
especially,a2,0,0
essay,a2,1,0
essence,c1,1,0
essential,b1,1,1
essentially,b2,0,0
establish,b2,1,0
establishment,c1,1,0
estate,b2,1,0
estimate,b2,1,0
eternal,c1,1,0
ethic,b2,0,0
ethical,b2,0,0
ethnic,b2,0,0
euro,a1,0,0
evacuate,c1,0,1
evaluate,b2,1,0
evaluation,b2,0,0
even,b2,0,0
evening,a1,0,0
event,a1,0,0
eventually,b1,1,0
ever,a1,0,0
every,a1,0,0
everybody,a1,0,0
everyday,a2,0,0
everyone,a1,0,0
everything,a1,0,0
everywhere,a2,0,0
evidence,a2,1,0
evident,b2,1,0
evil,b2,0,0
evoke,c1,0,0
evolution,b2,1,1
evolutionary,c1,0,0
evolve,b2,1,0
exact,a2,1,0
exactly,a2,0,0
exaggerate,c1,1,0
exam,a1,0,0
examination,b2,0,0
examine,b1,0,0
example,a1,0,0
exceed,b2,1,0
excellence,c1,0,0
excellent,a2,1,0
except,b1,0,0
exception,b2,1,0
exceptional,c1,1,0
excess,c1,1,0
excessive,b2,1,0
exchange,b1,1,0
excited,a1,0,0
excitement,b1,1,0
exciting,a1,1,0
exclude,b2,1,0
exclusion,c1,1,0
exclusive,c1,1,0
exclusively,c1,1,0
excuse,b2,1,1
execute,c1,1,0
execution,c1,1,0
executive,b2,1,0
exercise,a1,0,0
exert,c1,1,1
exhibit,b2,1,0
exhibition,b1,1,0
exile,c1,1,0
exist,a2,0,0
existence,b2,0,0
exit,b2,1,0
exotic,b2,0,0
expand,b1,1,0
expansion,b2,1,0
expect,a2,0,0
expectation,b2,0,0
expected,b1,0,0
expedition,b1,1,0
expenditure,c1,1,0
expense,b2,0,1
expensive,a1,0,0
experience,a2,0,0
experienced,b1,0,0
experiment,a2,0,0
experimental,c1,0,0
expert,a2,1,0
expertise,b2,1,0
expire,c1,1,0
explain,a1,0,0
explanation,a2,0,0
explicit,c1,1,1
explicitly,c1,0,0
explode,b1,1,0
exploit,b2,1,0
exploitation,c1,1,0
exploration,b2,1,0
explore,b1,1,1
explosion,b1,0,0
explosive,c1,1,0
export,b1,1,0
expose,b2,1,0
exposure,b2,1,0
express,a2,0,0
expression,a2,0,0
extend,b2,1,1
extension,b2,1,0
extensive,b2,1,0
extensively,b2,0,0
extent,b2,1,0
external,b2,1,0
extra,a1,1,0
extract,b2,1,0
extraordinary,b2,1,0
extreme,a2,1,0
extremely,a2,0,0
extremist,c1,0,0
eye,a1,1,0
fabric,b2,1,0
fabulous,b2,0,0
face,a1,1,0
facilitate,c1,1,0
facility,b2,1,1
fact,a1,0,0
faction,c1,1,0
factor,a2,1,0
factory,a2,0,0
faculty,c1,0,0
fade,c1,1,0
fail,a2,0,0
failed,b2,0,0
failure,b2,0,0
fair,a2,0,0
fairly,b1,1,0
fairness,c1,0,0
faith,b2,1,0
fake,b2,1,0
fall,a2,1,0
false,a1,0,0
fame,b2,1,1
familiar,b1,1,0
family,a1,0,0
famous,a1,0,0
fan,a2,0,0
fancy,b1,1,0
fantastic,a1,1,0
fantasy,b2,0,1
far,b1,0,0
fare,b2,1,0
farm,a1,0,0
farmer,a1,0,0
farming,a2,0,0
fascinating,b1,0,0
fashion,a2,1,0
fashionable,b1,1,0
fast,a1,0,0
fasten,b1,1,0
fat,a1,0,0
fatal,c1,1,0
fate,c1,0,0
father,a1,0,0
fault,b2,1,0
favour,b1,0,0
favourable,c1,0,0
favourite,a1,0,0
fear,a2,0,0
feat,c1,1,0
feather,b2,0,0
feature,a2,1,0
february,a1,0,0
federal,b2,1,0
fee,b2,1,0
feed,b2,1,0
feedback,b2,1,0
feel,b2,0,0
feeling,a1,0,0
fellow,b2,0,0
female,a2,1,0
feminist,c1,0,0
fence,b1,0,0
festival,a1,1,0
fever,b2,0,1
few,a1,0,0
fibre,c1,0,0
fiction,a2,1,0
field,a2,0,0
fierce,c1,1,0
fifteen,a1,0,0
fifth,a1,0,0
fifty,a1,0,0
fight,a2,0,0
fighting,b1,0,0
figure,a2,1,1
file,b1,1,0
fill,a1,0,0
film,a1,0,0
film-maker,c1,0,0
filter,c1,1,0
final,a1,1,0
finally,a2,0,0
finance,b2,1,0
financial,b1,1,0
find,a1,0,0
finding,b2,0,0
fine,a1,0,1
finger,a2,0,0
finish,a2,0,0
fire,a1,0,0
firearm,c1,0,0
firefighter,b2,0,0
firework,b2,0,0
firm,b2,1,0
firmly,b2,0,0
first,a1,0,0
firstly,a2,0,0
fish,a1,0,0
fishing,a2,0,0
fit,a2,1,0
fitness,b1,1,0
five,a1,0,0
fix,b2,0,0
fixed,b1,1,0
fixture,c1,1,0
flag,b1,1,0
flame,b2,1,1
flash,b2,1,0
flat,a2,0,0
flavour,b2,0,0
flaw,c1,1,0
flawed,c1,0,0
flee,c1,1,0
fleet,c1,1,0
flesh,c1,1,0
flexibility,c1,1,0
flexible,b2,1,1
flight,a1,0,0
float,b2,1,0
flood,b1,0,0
floor,a1,0,0
flour,b1,1,0
flourish,c1,1,1
flow,b1,0,0
flower,a1,0,0
flu,a2,0,0
fluid,c1,0,1
fly,a2,0,0
flying,a2,0,0
focus,a2,1,0
fold,b2,1,0
folding,b2,0,0
folk,b1,0,0
follow,a1,0,0
following,a2,0,0
fond,b2,0,0
food,a1,0,0
fool,b2,0,0
foot,a1,0,0
footage,c1,0,0
football,a1,0,0
for,a1,0,0
forbid,b2,1,1
force,b1,0,0
forecast,b2,1,0
foreign,a2,0,0
foreigner,c1,0,0
forest,a2,0,0
forever,b1,0,0
forge,c1,1,0
forget,a1,0,0
forgive,b2,1,0
fork,a2,0,0
form,a1,0,0
formal,a2,1,1
format,b2,1,0
formation,b2,1,0
former,b2,1,0
formerly,b2,1,0
formula,c1,1,0
formulate,c1,1,0
forth,c1,0,0
forthcoming,c1,1,0
fortunate,b2,1,0
fortunately,a2,0,0
fortune,b2,1,0
forty,a1,0,0
forum,b2,1,0
forward,b2,1,0
fossil,b2,1,1
foster,c1,1,1
found,b2,1,0
foundation,b2,1,1
founder,b2,1,1
four,a1,0,0
fourteen,a1,0,0
fourth,a1,0,0
fraction,b2,1,0
fragile,c1,1,0
fragment,b2,1,1
frame,b1,1,0
framework,b2,1,0
franchise,c1,1,0
frankly,c1,0,0
fraud,b2,0,1
free,a1,0,0
freedom,b2,0,0
freely,b2,0,0
freeze,b1,0,0
frequency,b2,0,0
frequent,b2,0,0
frequently,b1,0,0
fresh,a2,0,0
friday,a1,0,0
fridge,a2,0,0
friend,a1,0,0
friendly,a1,0,0
friendship,b1,0,0
frighten,b1,0,0
frightened,b1,0,0
frightening,b1,1,0
frog,a2,0,0
from,a1,0,0
front,a1,0,0
frozen,b1,0,0
fruit,a1,0,0
frustrated,c1,0,0
frustrating,c1,0,0
frustration,c1,1,0
fry,b1,0,0
fuel,b1,1,0
fulfil,b2,1,0
full,a1,1,0
full-time,b2,0,0
fully,b2,0,0
fun,a2,0,0
function,b1,1,1
functional,c1,1,0
fund,b2,1,0
fundamental,b2,1,0
fundamentally,b2,0,0
funding,b2,0,0
fundraising,c1,0,0
funeral,c1,1,0
funny,a1,0,0
fur,b1,0,0
furious,b2,1,0
furniture,a2,1,0
further,a2,1,0
furthermore,b2,1,0
future,a2,0,0
gain,b2,0,0
gallery,a2,1,0
gallon,c1,0,0
gambling,c1,0,0
game,a1,0,0
gaming,b2,0,0
gang,b2,1,0
gap,a2,1,0
garage,b1,0,0
garden,a1,0,0
gas,a2,0,0
gate,a2,0,0
gather,b1,0,0
gathering,c1,0,0
gay,b2,0,0
gaze,c1,1,0
gear,c1,1,0
gender,b2,0,0
gene,b2,0,0
general,a2,0,0
generally,b1,0,0
generate,b2,1,0
generation,b1,1,0
generic,c1,0,1
generous,b1,1,0
genetic,b2,0,1
genius,b2,1,0
genocide,c1,0,0
genre,b2,0,1
gentle,b1,1,0
gentleman,b1,0,0
genuine,b2,1,0
genuinely,b2,0,0
geography,a1,0,0
gesture,b2,1,0
get,a1,0,0
ghost,b1,0,0
giant,b1,1,0
gift,a2,0,0
gig,b2,0,0
girl,a1,0,0
girlfriend,a1,0,0
give,a1,0,0
glad,b1,0,0
glance,c1,0,0
glass,a1,0,0
glimpse,c1,1,0
global,b1,1,0
globalization,b2,0,0
globe,b2,1,0
glorious,c1,1,0
glory,c1,0,0
glove,b1,0,0
go,b1,0,0
goal,a2,1,0
god,a2,0,0
gold,a2,0,0
golden,b2,0,0
golf,a2,0,0
good,a1,0,0
goodbye,a1,0,0
goodness,b2,0,0
goods,b1,0,0
gorgeous,b2,1,0
govern,b2,1,0
governance,c1,0,0
government,a2,0,0
governor,b2,1,0
grab,b2,1,0
grace,c1,1,0
grade,b1,1,0
gradually,b2,0,0
graduate,b1,1,0
grain,b1,0,1
grand,b2,1,1
grandfather,a1,0,0
grandmother,a1,0,0
grandparent,a1,0,0
grant,b2,1,0
graphic,b2,0,0
graphics,b2,0,0
grasp,c1,1,0
grass,a2,0,0
grateful,b1,1,1
grave,c1,1,0
gravity,c1,1,1
great,a1,0,0
greatly,b2,0,0
green,a1,0,0
greenhouse,b2,1,0
greet,a2,0,0
grey,a1,0,0
grid,c1,0,0
grief,c1,1,0
grin,c1,1,0
grind,c1,1,0
grip,c1,1,0
grocery,b2,0,0
gross,c1,1,0
ground,a2,1,0
group,a1,0,0
grow,a1,0,0
growth,b1,0,0
guarantee,b2,1,0
guard,b1,0,0
guerrilla,c1,0,0
guess,a1,1,0
guest,a2,0,0
guidance,c1,0,0
guide,a2,0,0
guideline,b2,0,0
guilt,c1,1,0
guilty,b1,1,0
guitar,a1,0,0
gun,a2,0,0
gut,c1,0,0
guy,a2,0,0
gym,a1,0,0
habit,a2,1,0
habitat,b2,0,0
hail,c1,1,0
hair,a1,0,0
half,a2,0,0
halfway,c1,0,0
hall,a2,0,0
halt,c1,1,0
hand,a1,0,0
handful,c1,1,0
handle,b2,1,0
handling,c1,0,0
handy,c1,1,0
hang,b1,1,0
happen,a1,0,1
happily,a2,0,0
happiness,b1,0,0
happy,a1,0,0
harassment,c1,0,0
harbour,b2,0,0
hard,a1,0,0
hardly,b1,0,0
hardware,c1,1,0
harm,b2,0,0
harmful,b2,1,0
harmony,c1,1,0
harsh,c1,1,0
harvest,c1,1,0
hat,a1,0,0
hate,b1,0,0
hatred,c1,0,0
haunt,c1,1,1
have,a1,0,0
have to,a1,0,0
hazard,c1,1,0
he,a1,0,0
head,a1,0,0
headache,a2,0,0
headline,b1,0,0
headquarters,b2,0,0
heal,b2,1,0
health,a1,0,0
healthcare,b2,0,0
healthy,a1,0,0
hear,a1,0,0
hearing,b2,1,0
heart,a2,0,0
heat,a2,0,0
heating,b1,0,0
heaven,b2,1,0
heavily,b1,0,0
heavy,a2,0,0
heel,b2,1,0
height,a2,0,0
heighten,c1,1,0
helicopter,b1,1,0
hell,b2,1,0
hello,a1,0,0
helmet,b2,1,0
help,a1,0,0
helpful,a2,1,0
hence,b2,1,0
her,a1,0,0
herb,b2,1,1
here,a1,0,0
heritage,c1,0,0
hero,a2,0,0
hers,a2,0,0
herself,a2,0,0
hesitate,b2,1,0
hey,a1,0,0
hi,a1,0,0
hidden,b2,0,0
hide,a2,1,0
hierarchy,c1,0,1
high,a1,0,0
high-profile,c1,0,0
highlight,b1,0,0
highly,b1,0,0
highway,b2,0,0
hilarious,b2,0,1
hill,a2,0,0
him,a1,0,0
himself,a2,0,0
hint,c1,1,0
hip,b2,0,0
hire,b2,0,0
his,a1,0,0
historian,b2,1,0
historic,b1,1,0
historical,b1,0,0
history,a1,0,0
hit,a2,0,0
hobby,a1,1,0
hockey,a2,0,0
hold,b2,1,0
hole,a2,0,0
holiday,a1,0,0
hollow,b2,1,0
holy,b2,0,0
home,a2,0,0
homeland,c1,0,0
homeless,b2,0,0
homework,a1,0,0
honest,b1,0,0
honesty,b2,0,0
honour,b2,0,0
hook,b2,1,0
hope,a2,0,0
hopeful,c1,0,0
hopefully,b2,0,0
horizon,c1,1,0
horn,c1,1,0
horrible,b1,1,0
horror,b1,1,0
horse,a1,0,0
hospital,a1,0,0
host,b1,1,0
hostage,c1,1,0
hostile,c1,1,0
hostility,c1,0,0
hot,a1,0,0
hotel,a1,0,0
hour,a1,0,0
house,a1,1,0
household,b2,0,0
housing,b2,0,0
how,a1,0,0
however,a1,0,0
huge,a2,0,0
human,a2,0,1
humanitarian,c1,1,0
humanity,c1,1,0
humble,c1,1,1
humorous,b2,1,0
humour,b2,0,0
hundred,a1,0,0
hunger,b2,1,0
hungry,a1,0,0
hunt,b2,0,0
hunting,b2,0,0
hurricane,b1,0,0
hurry,b1,0,0
hurt,a2,0,0
husband,a1,1,0
hydrogen,c1,1,1
hypothesis,b2,1,0
i,a1,0,0
ice,a1,0,0
ice cream,a1,0,0
icon,b2,0,1
id,b2,0,0
idea,a1,0,0
ideal,a2,1,0
identical,b2,1,0
identification,c1,1,0
identify,a2,1,0
identity,b1,1,0
ideological,c1,0,0
ideology,c1,0,1
idiot,c1,1,0
if,a1,0,0
ignorance,c1,1,0
ignore,b1,1,0
ill,a2,0,0
illegal,b1,0,0
illness,a2,0,0
illusion,b2,1,1
illustrate,b2,1,1
illustration,b2,1,0
image,a2,1,0
imagery,c1,0,0
imaginary,b1,1,0
imagination,b2,0,0
imagine,a1,0,0
immediate,b1,1,0
immediately,a2,1,0
immense,c1,1,1
immigrant,b1,1,0
immigration,b2,1,0
imminent,c1,1,1
immune,b2,0,1
impact,b1,1,0
impatient,b2,0,0
implement,b2,1,0
implementation,c1,0,0
implication,b2,1,0
imply,b2,1,0
import,b1,1,1
importance,b1,0,0
important,a1,0,0
impose,b2,1,0
impossible,a2,0,0
impress,b2,0,0
impressed,b2,0,0
impression,b1,0,0
impressive,b1,1,1
imprison,c1,0,0
imprisonment,c1,1,0
improve,a1,0,0
improvement,b1,0,0
in,a1,0,0
inability,c1,1,0
inadequate,c1,1,0
inappropriate,c1,0,0
incentive,b2,1,1
inch,b2,0,0
incidence,c1,0,0
incident,b2,1,0
inclined,c1,1,0
include,a1,0,0
included,a2,0,0
including,a2,0,0
inclusion,c1,0,0
income,b2,1,0
incorporate,b2,1,0
incorrect,b2,0,0
increase,a2,0,0
increasingly,b2,0,0
incredible,a2,1,0
incredibly,b1,0,0
incur,c1,1,0
indeed,b1,0,0
independence,b2,0,0
independent,a2,1,0
index,b2,1,0
indicate,b1,1,0
indication,b2,0,0
indicator,c1,0,0
indictment,c1,0,0
indigenous,c1,0,1
indirect,b1,0,0
individual,a2,1,0
indoor,b1,0,0
indoors,b1,0,0
induce,c1,1,0
indulge,c1,1,0
industrial,b2,1,0
industry,a2,0,0
inequality,c1,0,0
inevitable,b2,1,0
inevitably,b2,1,0
infamous,c1,0,0
infant,c1,1,0
infect,c1,1,0
infection,b2,1,0
infer,b2,1,1
inflation,b2,1,0
inflict,c1,1,1
influence,b1,1,0
influential,c1,1,0
info,b2,0,0
inform,b2,1,0
informal,a2,1,0
information,a1,0,0
infrastructure,b2,0,0
ingredient,b1,0,0
inhabitant,b2,1,0
inherent,c1,1,0
inherit,b2,1,1
inhibit,c1,0,0
initial,b2,1,0
initially,b2,1,0
initiate,c1,1,0
initiative,b2,1,0
inject,c1,1,0
injection,c1,0,0
injure,b1,1,0
injured,b1,0,0
injury,a2,1,0
injustice,c1,1,0
ink,b2,0,0
inmate,c1,0,0
inner,b2,0,0
innocent,b1,1,0
innovation,b2,1,0
innovative,b2,0,1
input,b2,0,0
inquiry,b2,1,0
insect,a2,0,0
insert,b2,1,0
insertion,c1,0,0
inside,a2,0,0
insider,c1,1,0
insight,b2,1,0
insist,b2,1,0
inspect,c1,1,0
inspection,c1,1,0
inspector,b2,1,0
inspiration,c1,1,0
inspire,b2,1,0
install,b2,1,0
installation,b2,1,0
instance,b2,1,0
instant,b2,0,0
instantly,b2,0,0
instead,a2,0,0
instinct,c1,1,0
institute,b2,1,0
institution,b2,1,0
institutional,c1,0,0
instruct,c1,1,0
instruction,a2,1,0
instructor,a2,0,0
instrument,a2,1,0
instrumental,c1,1,0
insufficient,c1,1,0
insult,c1,1,0
insurance,b2,1,0
intact,c1,0,0
intake,c1,0,0
integral,c1,1,0
integrate,b2,1,0
integrated,c1,0,0
integration,c1,0,0
integrity,c1,1,1
intellectual,b2,1,0
intelligence,b1,1,0
intelligent,a2,1,0
intend,b1,0,0
intended,b2,0,0
intense,b2,1,0
intensify,c1,0,0
intensity,c1,0,0
intensive,c1,1,0
intent,c1,1,0
intention,b1,1,0
interact,b2,1,0
interaction,b2,1,0
interactive,c1,0,0
interest,a1,1,0
interested,a1,0,0
interesting,a1,0,0
interface,c1,0,0
interfere,c1,1,0
interference,c1,1,0
interim,c1,0,0
interior,c1,1,0
intermediate,c1,1,0
internal,b2,1,0
international,a2,0,0
internet,a1,0,0
interpret,b2,1,0
interpretation,b2,1,0
interrupt,b2,1,0
interval,b2,1,0
intervene,c1,1,0
intervention,c1,0,0
interview,a1,0,0
intimate,c1,1,0
into,a1,0,0
intriguing,c1,0,0
introduce,a1,0,0
introduction,a2,0,0
invade,b2,1,1
invasion,b2,1,0
invent,a2,0,0
invention,a2,0,0
invest,b1,1,0
investigate,b1,1,1
investigation,b2,1,0
investigator,c1,0,0
investment,b2,0,0
investor,b2,0,0
invisible,c1,1,0
invitation,a2,0,0
invite,a2,0,0
invoke,c1,0,0
involve,a2,1,0
involved,b1,0,0
involvement,c1,0,0
iron,b1,0,0
ironic,c1,0,0
ironically,c1,0,0
irony,c1,1,0
irrelevant,c1,0,0
island,a1,0,1
isolate,b2,1,1
isolated,b2,0,0
isolation,c1,1,0
issue,b1,1,0
it,b1,0,0
item,a2,1,0
its,a1,0,0
itself,a2,0,0
jacket,a1,0,0
jail,b2,1,0
jam,a2,1,0
january,a1,0,0
jazz,a2,0,0
jeans,a1,0,0
jet,b2,0,0
jewellery,a2,0,0
job,a1,0,0
join,a1,0,0
joint,b2,0,0
joke,a2,0,0
journal,b1,1,0
journalism,b2,1,0
journalist,a2,1,0
journey,a1,0,0
joy,b2,0,0
judge,b1,0,1
judgement,b2,1,0
judicial,c1,0,0
juice,a1,1,0
july,a1,0,0
jump,a2,0,0
junction,c1,1,0
june,a1,0,0
junior,b2,1,0
jurisdiction,c1,0,0
jury,b2,1,1
just,c1,0,0
justice,b2,1,1
justification,c1,1,0
justify,b2,1,1
keen,b1,1,0
keep,a1,0,0
key,a1,0,0
keyboard,b1,1,0
kick,b1,0,0
kid,a2,0,0
kidnap,c1,1,0
kidney,c1,1,0
kill,a2,0,0
killing,b1,0,0
kilometre,a1,0,0
kind,b1,0,0
king,a2,0,0
kingdom,c1,1,0
kiss,b1,0,0
kit,b2,0,0
kitchen,a1,0,0
knee,a2,0,0
knife,a2,0,0
knock,b1,0,0
know,a1,0,0
knowledge,a2,0,0
lab,a2,0,0
label,b1,1,0
laboratory,b1,0,0
labour,b2,0,0
lack,b1,0,0
lad,c1,0,0
ladder,b2,0,0
lady,a2,0,0
lake,a2,0,0
lamp,a2,0,0
land,a1,0,0
landing,b2,1,0
landlord,c1,0,0
landmark,c1,0,0
landscape,b2,1,0
lane,b2,1,0
language,a1,0,0
lap,c1,1,0
laptop,a2,0,0
large,a1,0,0
large-scale,c1,0,0
largely,b2,1,0
laser,c1,1,0
last,a2,0,0
late,a1,0,0
lately,b2,0,0
later,a2,0,0
latest,b1,0,0
latter,c1,0,0
laugh,a1,0,0
laughter,a2,0,0
launch,b2,1,0
law,a2,0,0
lawn,c1,1,0
lawsuit,c1,0,0
lawyer,a2,0,0
lay,b1,1,0
layer,b1,1,0
layout,c1,1,0
lazy,a2,0,0
lead,b1,0,0
leader,a2,0,0
leadership,b2,1,0
leading,b1,1,0
leaf,b1,0,0
leaflet,b2,1,0
league,b2,1,0
leak,c1,1,0
lean,b2,1,0
leap,c1,1,0
learn,a1,0,0
learning,a2,0,0
least,a2,0,0
leather,b1,0,0
leave,b2,0,0
lecture,a2,1,0
left,a1,0,0
leg,a1,0,0
legacy,c1,0,0
legal,b1,1,1
legend,b2,1,0
legendary,c1,1,0
legislation,c1,1,0
legislative,c1,0,0
legislature,c1,0,0
legitimate,c1,1,1
leisure,b1,1,0
lemon,a2,0,0
lend,a2,0,0
length,b1,0,0
lengthy,c1,0,0
lens,b2,0,0
lesbian,c1,0,0
less,a2,0,0
lesser,c1,0,0
lesson,a1,0,0
let,a1,0,0
lethal,c1,0,0
letter,a1,0,0
level,b1,0,0
liable,c1,1,0
liberal,c1,1,1
liberation,c1,0,0
liberty,c1,1,0
library,a1,0,0
licence,b2,0,0
license,c1,1,0
lie,b1,0,0
life,a1,0,0
lifelong,c1,0,0
lifestyle,a2,0,0
lifetime,b2,0,0
lift,a2,1,0
light,a1,1,0
lighting,b2,0,0
like,b1,0,0
likelihood,c1,1,0
likely,a2,0,0
likewise,b2,1,0
limb,c1,1,0
limit,b1,0,0
limitation,b2,0,0
limited,b2,0,0
line,a1,1,0
line-up,c1,0,0
linear,c1,1,0
linger,c1,1,0
link,a2,1,0
lion,a1,0,0
lip,b1,0,0
liquid,b1,1,0
list,a1,1,1
listen,a1,0,0
listener,a2,0,0
listing,c1,0,0
literacy,c1,1,0
literally,b2,1,0
literary,b2,1,0
literature,b1,1,0
litre,b2,0,0
litter,b2,1,0
little,a1,0,0
live,b1,0,0
lively,b2,1,0
liver,c1,1,0
living,b1,0,0
load,b2,1,0
loan,b2,1,0
lobby,c1,1,0
local,a1,0,0
locate,b1,1,0
located,b1,0,0
location,b1,1,0
lock,a2,1,0
log,c1,1,0
logic,c1,1,0
logical,b2,1,0
logo,b2,0,0
lonely,b1,0,0
long,a1,0,0
long-standing,c1,0,0
long-term,b2,0,0
long-time,c1,0,0
look,a2,0,0
loom,c1,1,0
loop,c1,1,0
loose,b2,1,0
lord,b2,0,0
lorry,a2,0,0
lose,a1,1,0
loss,b1,0,0
lost,a2,0,0
lot,a1,0,0
lottery,b2,1,0
loud,a2,0,0
loudly,a2,0,0
love,a1,0,0
lovely,a2,0,0
low,a2,1,0
lower,b2,0,0
loyal,b2,1,0
loyalty,c1,0,0
luck,a2,0,0
lucky,a2,0,0
lunch,a1,0,0
lung,b2,0,0
luxury,b1,1,0
lyric,b2,0,0
machine,a1,0,0
machinery,c1,0,0
mad,b1,0,0
magazine,a1,0,0
magic,b1,1,0
magical,c1,0,0
magistrate,c1,1,0
magnetic,c1,1,0
magnificent,b2,1,0
magnitude,c1,1,1
mail,a2,0,0
main,a1,0,0
mainland,c1,0,0
mainly,b1,0,0
mainstream,c1,0,0
maintain,b2,1,1
maintenance,c1,1,0
major,a2,1,0
majority,b2,1,0
make,b2,0,0
make-up,b2,0,0
making,b2,0,0
male,a2,0,0
mall,b1,0,0
man,a1,0,0
manage,a2,0,0
management,b1,0,0
manager,a2,0,0
mandate,c1,0,1
mandatory,c1,0,1
manifest,c1,1,0
manipulate,c1,1,1
manipulation,c1,0,0
manner,a2,0,0
manufacture,b2,1,0
manufacturing,b2,0,0
manuscript,c1,1,1
many,a1,0,0
map,a1,1,0
marathon,b2,0,0
march,a1,1,0
margin,b2,1,0
marginal,c1,1,0
marine,c1,1,0
mark,a2,0,0
marker,b2,0,0
market,a1,0,0
marketing,b1,0,0
marketplace,c1,0,0
marriage,b1,0,0
married,a1,0,0
marry,a2,0,0
martial,b2,0,0
mask,c1,1,0
mass,b2,0,0
massacre,c1,1,0
massive,b2,1,0
master,b2,0,0
match,a1,1,0
matching,b2,0,0
mate,b2,1,0
material,b2,1,0
mathematical,c1,0,0
mathematics,a2,1,0
maths,a2,0,0
matter,a2,0,0
mature,c1,1,0
maximize,c1,0,0
maximum,b2,1,0
may,a1,0,0
maybe,a1,0,0
mayor,b2,0,0
me,a1,0,0
meal,a1,0,0
mean,a1,0,0
meaning,a1,0,0
meaningful,c1,0,0
means,b2,0,0
meantime,c1,0,0
meanwhile,b1,0,0
measure,b1,1,1
measurement,b2,0,0
meat,a1,0,0
mechanic,b2,0,0
mechanical,b2,1,0
mechanism,b2,1,0
medal,b2,1,0
media,a2,0,0
medical,a2,0,0
medication,b2,0,0
medicine,a2,0,1
medieval,c1,1,0
meditation,c1,1,0
medium,b1,1,1
meet,a1,0,0
meeting,a1,0,0
melody,c1,1,0
melt,b2,1,0
member,a1,0,0
membership,b2,0,0
memo,c1,1,0
memoir,c1,0,0
memorable,b2,0,0
memorial,c1,1,0
memory,a2,1,0
mental,b1,1,1
mention,b1,1,0
mentor,c1,0,1
menu,a1,1,0
merchant,c1,1,0
mercy,c1,1,0
mere,c1,1,0
merely,c1,0,0
merge,c1,1,0
merger,c1,0,0
merit,c1,1,0
mess,b1,1,0
message,a1,0,0
metal,a2,0,0
metaphor,b2,0,1
method,a2,1,0
methodology,c1,1,0
metre,a1,0,0
middle,a2,0,0
midnight,a1,0,0
midst,c1,0,0
might,a2,0,0
migration,c1,1,0
mild,b1,0,0
mile,a1,0,0
militant,c1,0,0
military,b2,1,0
militia,c1,0,0
milk,a1,1,0
mill,c1,0,0
million,a1,0,0
mind,a2,0,0
mine,b1,0,0
miner,b2,0,0
mineral,b2,0,0
minimal,c1,0,0
minimize,c1,1,0
minimum,b2,1,0
mining,c1,0,0
minister,b2,1,0
ministry,c1,1,0
minor,b2,1,0
minority,b2,1,0
minute,c1,1,0
miracle,c1,1,0
mirror,a2,0,0
miserable,b2,1,0
misery,c1,1,0
misleading,c1,0,0
miss,a1,0,0
missile,c1,1,1
missing,a2,0,0
mission,b2,1,0
mistake,a1,0,0
mix,b1,0,0
mixed,b2,0,0
mixture,b1,0,0
mob,c1,0,0
mobile,a2,1,0
mobility,c1,0,0
mobilize,c1,1,0
mode,b2,1,0
model,a1,0,1
moderate,c1,1,1
modern,a1,0,0
modest,b2,1,0
modification,c1,1,0
modify,b2,1,0
moment,a1,0,0
momentum,c1,0,0
monday,a1,0,0
money,a1,0,0
monitor,b2,1,0
monk,c1,0,0
monkey,a2,0,0
monopoly,c1,1,0
monster,b2,1,0
month,a1,0,0
monthly,b2,0,0
monument,b2,1,0
mood,b1,0,0
moon,a2,0,0
moral,b2,0,1
morality,c1,1,0
more,a1,0,0
moreover,b2,1,0
morning,a1,0,0
mortgage,b2,0,1
mosque,b2,0,0
most,a1,0,0
mostly,a2,0,0
mother,a1,0,0
motion,b2,1,0
motivate,b2,1,1
motivation,b2,1,0
motive,c1,1,0
motor,b2,0,0
motorcycle,a2,0,0
motorist,c1,0,0
mount,b2,1,0
mountain,a1,0,0
mouse,a1,0,0
mouth,a1,1,0
move,b1,0,0
movement,a2,1,0
movie,a1,0,0
moving,b2,0,0
much,a1,0,0
mud,b1,0,0
multiple,b2,1,0
multiply,b2,1,0
mum,a1,0,0
municipal,c1,1,1
murder,b1,0,0
muscle,b1,0,0
museum,a1,0,0
music,a1,0,0
musical,a2,0,0
musician,a2,0,0
must,a1,0,0
mutual,c1,1,0
my,a1,0,0
myself,a2,0,0
mysterious,b2,1,0
mystery,b1,0,1
myth,b2,1,0
nail,b1,0,0
naked,b2,1,0
name,a1,0,0
namely,c1,1,0
narrative,b1,0,0
narrow,a2,0,0
nasty,b2,1,0
nation,b1,0,0
national,a2,0,0
nationwide,c1,0,0
native,b1,1,0
natural,a1,0,0
naturally,b1,0,0
nature,a2,0,0
naval,c1,1,0
navigation,b2,1,0
near,a1,0,0
nearby,b2,0,0
nearly,a2,0,0
neat,b2,1,0
necessarily,b1,0,0
necessary,a2,0,0
necessity,b2,0,0
neck,a2,0,0
need,a2,0,0
needle,b1,1,0
negative,a1,1,0
neglect,c1,1,0
negotiate,b2,0,0
negotiation,b2,1,0
neighbour,a1,0,0
neighbourhood,b1,0,0
neighbouring,c1,0,0
neither,b1,0,0
nerve,b2,0,0
nervous,a2,1,0
nest,c1,0,0
net,c1,0,0
network,a2,1,0
neutral,b2,1,1
never,a1,0,0
nevertheless,b2,1,0
new,a1,0,0
newly,b2,0,0
news,a1,0,0
newsletter,c1,0,0
newspaper,a1,0,0
next,a1,0,0
next to,a1,0,0
nice,a1,0,0
niche,c1,0,0
night,a1,0,0
nightmare,b2,1,0
nine,a1,0,0
nineteen,a1,0,0
ninety,a1,0,0
no,a1,0,0
no one,a1,0,0
noble,c1,0,0
nobody,a1,0,0
nod,c1,0,0
noise,a2,0,0
noisy,a2,1,0
nominate,c1,1,0
nomination,c1,1,0
nominee,c1,0,0
non-profit,c1,0,0
none,a2,0,0
nonetheless,c1,0,0
nonsense,c1,1,0
noon,c1,0,0
nor,b1,0,0
norm,b2,1,0
normal,a2,0,1
normally,a2,1,0
north,a1,0,0
northern,b1,0,0
nose,a1,0,0
not,a1,0,0
notable,c1,1,0
notably,c1,1,0
note,a1,1,0
notebook,b2,0,0
nothing,a1,0,0
notice,a2,0,1
notify,c1,1,0
notion,b2,1,0
notorious,c1,1,0
novel,c1,1,0
novelist,b2,0,0
november,a1,0,0
now,a1,0,0
nowadays,b2,1,0
nowhere,a2,1,0
nuclear,b1,1,0
number,a1,0,0
numerous,b2,1,0
nurse,a1,0,0
nursery,c1,1,0
nursing,b2,0,0
nut,a2,0,0
nutrition,b2,0,0
o'clock,a1,0,0
obesity,b2,0,0
obey,b2,0,0
object,a1,1,0
objection,c1,1,1
objective,b2,1,1
obligation,b2,1,0
oblige,c1,1,0
observation,b2,0,0
observe,b2,1,0
observer,b2,0,0
obsess,c1,0,0
obsession,c1,0,0
obstacle,b2,1,1
obtain,b2,1,0
obvious,b1,1,0
obviously,b1,0,0
occasion,b1,1,0
occasional,c1,1,0
occasionally,b2,1,0
occupation,b2,1,1
occupy,b2,1,0
occur,b1,1,0
occurrence,c1,1,0
ocean,a2,0,0
october,a1,0,0
odd,b1,1,0
odds,c1,0,0
of,a1,0,0
off,a1,0,0
offence,b2,1,0
offend,b2,1,0
offender,b2,0,0
offensive,b2,1,0
offer,a2,1,0
offering,c1,0,0
office,a1,0,0
officer,a2,0,0
official,b1,0,0
offspring,c1,1,0
often,a1,0,0
oh,a1,0,0
oil,a2,0,0
ok,a1,0,0
old,a1,0,0
old-fashioned,b1,0,0
on,a1,0,0
once,a1,0,0
one,a1,0,0
ongoing,b2,0,0
onion,a1,0,0
online,a1,0,0
only,a1,0,0
onto,a2,0,0
open,a1,0,0
opening,b2,0,0
openly,b2,0,0
opera,b2,1,0
operate,b2,0,0
operation,b1,0,0
operational,c1,0,0
operator,b2,0,0
opinion,a1,1,0
opponent,b2,1,0
opportunity,a2,1,0
oppose,b2,1,0
opposed,b2,0,0
opposite,a1,1,0
opposition,b2,1,0
opt,c1,0,0
optical,c1,1,0
optimism,c1,1,0
optimistic,b2,1,1
option,a2,1,0
or,a1,0,0
oral,c1,1,0
orange,a1,0,0
orchestra,b2,1,0
order,a1,0,1
ordinary,a2,0,1
organ,b2,1,0
organic,b2,1,0
organization,a2,0,0
organizational,c1,0,0
organize,a2,0,0
organized,b1,0,0
organizer,b1,0,0
orientation,c1,1,0
origin,b2,1,0
original,a2,1,0
originally,b1,0,0
originate,c1,1,0
other,a1,0,0
otherwise,b2,0,0
ought,b1,0,0
our,a1,0,0
ours,b1,0,0
ourselves,a2,0,0
out,a1,0,0
outbreak,c1,1,0
outcome,b2,1,0
outdoor,b1,0,0
outdoors,b1,1,0
outer,b2,0,0
outfit,b2,0,0
outing,c1,0,0
outlet,c1,1,0
outline,b2,1,1
outlook,c1,1,0
output,b2,1,0
outrage,c1,1,0
outside,a2,0,0
outsider,c1,0,0
outstanding,b2,1,0
oven,a2,0,0
over,a1,0,0
overall,b2,1,0
overcome,b2,1,0
overlook,c1,1,0
overly,c1,0,0
overnight,b2,0,0
overseas,b2,1,0
oversee,c1,0,0
overturn,c1,0,0
overwhelm,c1,1,0
overwhelming,c1,1,0
owe,b2,1,0
own,a1,1,0
owner,a2,0,0
ownership,b2,1,0
oxygen,b2,1,0
pace,b2,1,0
pack,b1,1,0
package,b1,0,0
packet,b2,0,0
pad,c1,1,0
page,a1,0,0
pain,a2,0,0
painful,b1,0,0
paint,a1,0,0
painter,a2,0,0
painting,a1,1,0
pair,a1,1,0
palace,a2,0,0
pale,b1,1,1
palm,b2,1,0
pan,b1,1,0
panel,b2,1,0
panic,b2,1,0
pants,a2,1,0
paper,a1,0,0
parade,b2,1,0
paragraph,a1,1,0
parallel,b2,1,0
parameter,c1,1,0
parent,a1,0,0
parental,c1,0,0
parish,c1,0,0
park,a1,0,0
parking,a2,0,0
parliament,b2,1,0
parliamentary,c1,0,0
part,a1,0,0
part-time,b2,0,0
partial,c1,1,1
partially,c1,0,0
participant,b2,1,0
participate,b1,1,0
participation,b2,0,0
particular,a2,0,0
particularly,b1,0,0
partly,b2,0,0
partner,a1,1,0
partnership,b2,0,0
party,a1,0,1
pass,b1,0,0
passage,b2,0,0
passenger,a2,0,0
passing,c1,0,0
passion,b1,1,0
passionate,b2,1,0
passive,c1,1,0
passport,a1,1,0
password,b2,0,0
past,a1,0,0
pastor,c1,0,0
patch,c1,1,0
patent,c1,1,0
path,b1,1,0
pathway,c1,0,0
patience,b2,0,0
patient,b2,0,0
patrol,c1,1,0
patron,c1,1,0
pattern,a2,0,0
pause,b2,0,0
pay,a2,0,0
payment,b1,0,0
peace,a2,0,0
peaceful,b1,0,0
peak,c1,1,0
peasant,c1,0,0
peculiar,c1,1,1
peer,b2,1,0
pen,a1,0,0
penalty,b2,1,1
pencil,a1,0,0
penny,a2,0,0
pension,b2,1,0
people,a1,0,0
pepper,a1,0,0
per,a2,0,0
per cent,a2,0,0
perceive,b2,1,0
percentage,b1,0,0
perception,b2,1,0
perfect,a1,1,0
perfectly,b1,0,0
perform,a2,1,0
performance,b1,1,0
perhaps,a2,0,0
period,a1,1,0
permanent,b2,1,0
permanently,b2,0,0
permission,a2,1,0
permit,b2,1,0
persist,c1,1,0
persistent,c1,0,1
person,a1,0,1
personal,a1,1,0
personality,a2,1,0
personally,b1,0,0
personnel,c1,1,0
perspective,b2,1,0
persuade,b1,1,0
pet,a2,1,0
petition,c1,1,0
petrol,a2,0,0
phase,b2,1,0
phenomenon,b2,1,0
philosopher,c1,0,0
philosophical,c1,0,0
philosophy,b2,1,0
phone,a1,0,0
photo,a1,0,0
photograph,a1,1,0
photographer,b1,0,0
photography,b1,0,0
phrase,a1,1,0
physical,a2,1,0
physician,c1,1,0
physics,a2,0,0
piano,a1,1,0
pick,b2,1,0
picture,a1,0,0
piece,a1,0,0
pig,a1,0,0
pile,b2,1,0
pill,b2,1,0
pilot,a2,1,0
pin,b1,1,0
pink,a1,0,0
pioneer,c1,1,0
pipe,b1,0,0
pipeline,c1,0,0
pirate,c1,1,0
pit,c1,1,0
pitch,b2,1,0
pity,b2,0,0
place,a1,0,0
placement,b2,0,0
plain,b2,1,0
plan,a1,0,0
plane,a1,1,0
planet,a2,1,0
planning,b1,0,0
plant,a1,0,0
plastic,a2,1,1
plate,a2,1,0
platform,a2,1,0
play,a1,0,0
player,a1,0,0
plea,c1,1,0
plead,c1,1,0
pleasant,b1,0,0
please,a1,0,0
pleased,a2,0,0
pleasure,b1,1,0
pledge,c1,1,0
plenty,b1,0,1
plot,b1,1,0
plug,c1,1,0
plunge,c1,1,0
plus,b2,1,0
pocket,a2,0,0
poem,b1,0,0
poet,b1,0,0
poetry,b1,0,0
point,a1,0,0
pointed,b2,0,0
poison,b1,0,0
poisonous,b1,0,0
pole,c1,1,0
police,a1,0,0
policeman,a1,0,0
policy,b1,1,0
polite,a2,0,0
political,b1,0,0
politician,b1,0,0
politics,b1,1,1
poll,c1,1,0
pollution,a2,1,0
pond,c1,0,0
pool,a1,0,0
poor,a1,0,0
pop,a2,0,0
popular,a1,1,0
popularity,b2,1,0
population,a2,0,0
port,b1,1,0
portfolio,c1,0,0
portion,b2,1,0
portrait,b1,1,0
portray,c1,1,0
pose,b2,1,0
position,a2,0,0
positive,a1,1,0
possess,b2,1,0
possession,a2,1,0
possibility,a2,0,0
possible,a1,0,0
possibly,b1,0,0
post,a1,1,0
post-war,c1,0,0
poster,a2,0,0
postpone,c1,1,0
pot,b1,1,0
potato,a1,0,0
potential,b2,1,1
potentially,b2,0,0
pound,a1,1,0
pour,b1,1,0
poverty,b1,1,0
powder,b1,0,0
power,a2,0,0
powerful,b1,0,0
practical,b1,1,0
practice,a1,0,0
practise,a1,0,0
practitioner,c1,0,0
praise,b2,0,0
pray,b1,0,0
prayer,b1,0,0
preach,c1,1,0
precede,b2,1,1
precedent,c1,1,1
precious,b2,1,0
precise,b2,1,0
precisely,b2,0,0
precision,c1,1,0
predator,c1,0,0
predecessor,c1,1,1
predict,a2,1,1
predictable,b2,0,0
prediction,b1,1,0
predominantly,c1,0,0
prefer,a1,0,0
preference,b2,1,0
pregnancy,c1,1,0
pregnant,b2,1,0
prejudice,c1,1,0
preliminary,c1,1,1
premier,c1,0,0
premise,c1,0,0
premium,c1,1,0
preparation,b2,0,0
prepare,a1,0,1
prepared,b1,0,0
prescribe,c1,1,0
prescription,c1,1,1
presence,b2,1,0
present,a1,1,0
presentation,b1,1,0
presently,c1,0,0
preservation,c1,1,0
preserve,b2,1,1
preside,c1,1,0
presidency,c1,0,0
president,a2,0,1
presidential,c1,0,0
press,b1,1,0
pressure,b1,1,0
prestigious,c1,0,0
presumably,c1,1,0
presume,c1,1,1
pretend,b1,0,0
pretty,a1,0,0
prevail,c1,1,1
prevalence,c1,0,0
prevent,a2,0,0
prevention,c1,0,0
previous,b1,1,0
previously,b1,0,0
prey,c1,1,0
price,a1,0,0
pride,b2,0,0
priest,b1,0,0
primarily,b2,0,0
primary,b1,1,1
prime,b2,1,0
prince,b1,0,0
princess,b1,0,0
principal,b2,1,0
principle,b2,1,0
print,b2,0,0
printer,a2,0,0
printing,b1,0,0
prior,b2,1,0
priority,b2,1,1
prison,a2,0,0
prisoner,b1,0,0
privacy,b2,1,0
private,b1,0,0
privatization,c1,0,0
privilege,c1,1,0
prize,a2,0,0
probability,b2,0,0
probable,b2,0,0
probably,a1,0,0
probe,c1,1,0
problem,a1,0,0
problematic,c1,1,0
procedure,b2,1,0
proceed,b2,1,1
proceeding,c1,1,0
proceeds,c1,1,0
process,a2,1,0
processing,c1,0,0
processor,c1,0,0
proclaim,c1,1,1
produce,b2,1,0
producer,b1,0,0
product,a1,0,0
production,b1,0,0
productive,c1,1,0
productivity,c1,1,0
profession,b1,1,0
professional,a2,1,0
professor,a2,0,0
profile,a2,1,0
profit,b1,1,0
profitable,c1,0,0
profound,c1,1,1
program,a2,0,0
programme,a1,0,0
programming,b2,0,0
progress,a2,1,0
progressive,b2,1,0
prohibit,b2,1,0
project,a1,1,0
projection,c1,1,0
prominent,c1,1,1
promise,a2,1,0
promising,b2,1,0
promote,b1,1,0
promotion,b2,0,0
prompt,b2,1,0
pronounce,a2,0,0
pronounced,c1,0,1
proof,b2,1,0
propaganda,c1,1,1
proper,b1,1,0
properly,b1,0,0
property,b1,1,0
proportion,b2,1,0
proposal,b2,1,0
propose,b2,1,0
proposition,c1,1,0
prosecute,c1,1,0
prosecution,c1,0,0
prosecutor,c1,1,0
prospect,b2,1,1
prospective,c1,0,0
prosperity,c1,1,0
protect,a2,0,1
protection,b2,0,0
protective,c1,0,0
protein,b2,1,0
protest,b1,1,0
protester,b2,0,0
protocol,c1,1,0
proud,b1,0,0
prove,b1,0,1
provide,a2,0,0
province,c1,0,0
provincial,c1,1,1
provision,c1,1,0
provoke,c1,1,0
psychiatric,c1,0,0
psychological,b2,0,0
psychologist,b2,0,0
psychology,b2,1,0
pub,a2,0,0
public,a2,0,0
publication,b2,1,0
publicity,b2,1,0
publish,a2,1,0
publishing,b2,0,0
pull,b1,1,0
pulse,c1,1,0
pump,c1,1,0
punch,c1,1,0
punish,b1,0,0
punishment,b1,0,0
punk,b2,0,0
pupil,b2,1,0
purchase,b2,1,0
pure,b2,0,0
purely,b2,0,0
purple,a1,1,0
purpose,a2,0,0
pursue,b2,1,0
pursuit,b2,1,0
push,b1,0,0
put,a1,0,0
puzzle,b2,1,0
qualification,b1,1,0
qualified,b1,1,0
qualify,b1,1,1
quality,a2,0,0
quantity,a2,0,0
quarter,a1,1,0
queen,a2,0,0
query,c1,1,0
quest,c1,1,0
question,a1,0,0
questionnaire,b2,1,0
queue,b1,0,0
quick,a1,0,0
quickly,a1,0,0
quiet,a1,0,0
quietly,a2,0,0
quit,b1,0,0
quite,a1,0,0
quota,c1,1,0
quotation,b1,1,0
quote,b1,1,0
race,a2,0,0
racial,b2,0,0
racing,b1,0,0
racism,b2,0,0
racist,b2,0,0
radar,c1,1,0
radiation,b2,1,0
radical,c1,1,0
radio,a1,0,0
rage,c1,1,0
raid,c1,1,0
rail,b2,1,0
railway,a2,0,0
rain,a1,0,0
raise,a2,0,0
rally,c1,1,0
random,b2,1,0
range,b1,1,0
rank,b2,1,0
ranking,c1,0,0
rape,c1,0,1
rapid,b2,0,0
rapidly,b2,0,0
rare,b1,1,0
rarely,b1,1,0
rat,b2,1,0
rate,a2,0,0
rather,a2,0,0
rating,b2,0,0
ratio,c1,1,0
rational,c1,1,0
raw,b2,1,0
ray,c1,1,0
reach,b2,0,0
react,a2,1,0
reaction,b1,0,0
read,a1,0,0
reader,a1,0,0
readily,c1,1,0
reading,a1,0,0
ready,a1,0,0
real,a1,0,0
realistic,b2,0,0
reality,b1,0,0
realization,c1,1,0
realize,a2,0,0
really,a1,0,0
realm,c1,1,0
rear,c1,1,0
reason,a1,0,0
reasonable,b2,1,0
reasonably,b2,0,0
reasoning,c1,0,0
reassure,c1,1,1
rebel,c1,1,0
rebellion,c1,1,0
rebuild,b2,0,0
recall,b2,1,0
receipt,b1,1,0
receive,a2,0,1
receiver,b2,0,0
recent,a2,0,0
recently,a2,0,0
reception,a2,1,0
recession,b2,1,0
recipe,a2,1,0
recipient,c1,1,0
reckon,b2,1,0
recognition,b2,1,0
recognize,a2,1,1
recommend,a2,1,0
recommendation,b1,1,0
reconstruction,c1,0,0
record,a2,0,0
recording,a2,0,0
recount,c1,0,0
recover,b2,1,0
recovery,b2,0,0
recruit,b2,1,0
recruitment,b2,0,0
recycle,a2,0,0
red,a1,0,0
reduce,a2,0,0
reduction,b2,0,0
refer,a2,0,0
referee,b2,1,0
reference,b1,1,0
referendum,c1,0,0
reflect,b1,1,0
reflection,c1,1,0
reform,c1,0,0
refuge,c1,0,0
refugee,b2,1,1
refusal,c1,1,0
refuse,a2,0,0
regain,c1,0,0
regard,b2,0,0
regardless,c1,1,0
regime,c1,1,1
region,a2,1,0
regional,b2,0,0
register,b2,1,0
registration,b2,0,0
regret,b2,0,0
regular,a2,0,0
regularly,b1,0,0
regulate,b2,1,1
regulation,b2,1,0
regulator,c1,0,0
regulatory,c1,0,0
rehabilitation,c1,0,0
reign,c1,1,0
reinforce,b2,1,0
reject,b1,1,0
rejection,c1,1,0
relate,b1,0,0
related,b1,0,0
relation,b1,0,0
relationship,a2,0,0
relative,b1,0,0
relatively,b2,0,0
relax,a1,1,0
relaxed,b1,0,0
relaxing,b1,0,0
release,b1,1,0
relevance,c1,0,0
relevant,b2,1,0
reliability,c1,1,0
reliable,b1,1,0
relief,b2,1,0
relieve,b2,1,0
relieved,b2,0,0
religion,b1,1,1
religious,b1,1,0
reluctant,c1,1,0
rely,b2,1,0
remain,b1,0,1
remainder,c1,1,0
remains,c1,1,0
remark,b2,1,0
remarkable,b2,1,1
remarkably,b2,0,0
remedy,c1,1,1
remember,a1,0,0
remind,b1,1,0
reminder,c1,0,1
remote,b1,0,0
removal,c1,0,0
remove,a2,1,0
render,c1,1,0
renew,c1,1,0
renowned,c1,0,0
rent,b1,1,0
rental,c1,1,0
repair,b1,0,0
repeat,b1,0,1
repeated,b1,0,0
replace,a2,1,0
replacement,c1,1,0
reply,a2,0,0
report,a1,0,0
reportedly,c1,0,0
reporter,a2,0,0
reporting,b2,0,0
represent,b1,1,0
representation,c1,1,0
representative,b2,1,0
reproduce,c1,1,0
reproduction,c1,1,0
republic,c1,0,0
reputation,b2,1,0
request,a2,1,0
require,b1,1,0
requirement,b2,0,0
rescue,b2,1,0
research,a2,1,0
researcher,a2,0,0
resemble,c1,1,1
reservation,b1,0,0
reserve,b2,1,0
reside,c1,1,0
residence,c1,1,0
resident,b2,1,0
residential,c1,0,0
residue,c1,0,0
resign,b2,1,0
resignation,c1,1,0
resist,b2,1,1
resistance,c1,1,0
resolution,b2,1,0
resolve,b2,1,0
resort,b2,1,0
resource,b1,1,0
respect,b1,1,1
respective,c1,1,0
respectively,c1,1,0
respond,a2,1,0
response,a2,0,0
responsibility,b1,1,0
responsible,b1,1,0
rest,a2,0,0
restaurant,a1,0,0
restoration,c1,0,0
restore,b2,1,0
restraint,c1,1,0
restrict,b2,1,0
restriction,b2,1,0
result,a1,0,0
resume,c1,1,0
retail,b2,1,0
retain,b2,1,0
retire,b1,1,0
retired,b1,0,0
retirement,b2,1,0
retreat,c1,1,1
retrieve,c1,0,0
return,a1,0,0
reveal,b2,1,0
revelation,c1,0,0
revenge,c1,1,1
revenue,b2,1,1
reverse,c1,1,1
review,a2,1,0
revise,b1,1,1
revision,b2,1,0
revival,c1,1,0
revive,c1,1,0
revolution,b2,1,0
revolutionary,c1,1,0
reward,b2,1,0
rhetoric,c1,0,0
rhythm,b2,1,0
rice,a1,0,0
rich,a1,0,0
rid,b2,0,0
ride,a2,0,0
ridiculous,b2,1,1
rifle,c1,1,0
right,a1,0,0
ring,a2,0,0
riot,c1,1,0
rip,c1,1,0
rise,b1,1,0
risk,b1,0,0
risky,b2,1,0
ritual,c1,0,0
rival,b2,1,0
river,a1,0,0
road,a1,0,0
rob,b2,0,0
robbery,b2,0,0
robot,b1,0,0
robust,c1,1,1
rock,a2,0,0
rocket,b2,0,0
rod,c1,1,0
role,a2,1,0
roll,b1,1,0
romance,b2,0,0
romantic,b1,0,0
roof,a2,0,0
room,a1,0,0
root,b2,0,0
rope,b1,0,0
rose,b2,0,0
rotate,c1,1,0
rotation,c1,1,0
rough,b1,1,1
roughly,b2,1,0
round,a2,1,0
route,a2,1,0
routine,b2,1,0
row,b1,0,0
royal,b1,0,0
rub,b2,1,0
rubber,b2,0,0
rubbish,a2,0,0
rude,a2,0,0
rugby,b1,0,0
ruin,b2,1,0
rule,a1,1,0
ruling,c1,0,0
rumour,c1,0,0
run,a2,0,0
runner,a2,0,0
running,a2,0,0
rural,b2,1,0
rush,b2,0,0
sack,c1,1,0
sacred,c1,1,1
sacrifice,c1,1,0
sad,a1,0,0
sadly,a2,0,0
safe,a2,0,0
safety,b1,0,0
sail,b1,0,0
sailing,a2,0,0
sailor,b1,0,0
saint,c1,0,0
sake,c1,1,0
salad,a1,0,0
salary,a2,0,0
sale,a2,0,0
salt,a1,0,0
same,a1,0,0
sample,b1,1,0
sanction,c1,0,1
sand,b1,0,0
sandwich,a1,0,0
satellite,b2,1,0
satisfaction,b2,1,0
satisfied,b2,0,0
satisfy,b2,0,0
saturday,a1,0,0
sauce,a2,1,0
save,a2,1,0
saving,b2,0,0
say,c1,0,0
scale,b2,1,0
scan,b1,1,0
scandal,b2,1,0
scare,b2,1,0
scared,a2,0,0
scary,a2,0,0
scattered,c1,0,0
scenario,b2,0,0
scene,a2,1,0
sceptical,c1,0,0
schedule,a2,1,0
scheme,b2,1,0
scholar,b2,1,0
scholarship,b2,1,0
school,a1,0,0
science,a1,0,0
scientific,b1,0,0
scientist,a1,0,0
scope,c1,1,0
score,a2,1,0
scratch,b2,1,0
scream,b2,0,0
screen,a2,1,0
screening,b2,0,0
screw,c1,1,0
script,b1,1,0
scrutiny,c1,1,0
sculpture,b1,1,0
sea,a1,0,0
seal,c1,1,0
search,a2,0,0
season,a2,0,0
seat,a2,0,0
second,a2,0,0
secondary,b1,1,0
secondly,a2,0,0
secret,a2,1,0
secretary,a2,0,1
section,a1,1,0
sector,b2,1,0
secular,c1,0,0
secure,b2,1,0
security,b1,1,0
see,a1,0,0
seed,b1,0,0
seek,b2,1,0
seeker,b2,0,0
seem,a2,0,0
seemingly,c1,1,0
segment,c1,1,0
seize,c1,0,0
seldom,c1,0,0
select,b2,1,0
selection,b2,1,0
selective,c1,0,0
self,b2,0,0
sell,a1,0,0
seminar,b2,0,1
senator,c1,1,0
send,a1,0,0
senior,b2,0,0
sensation,c1,1,0
sense,a2,1,0
sensible,b1,1,0
sensitive,b2,1,0
sensitivity,c1,1,0
sentence,a1,1,0
sentiment,c1,1,1
separate,a2,1,0
separation,c1,0,0
september,a1,0,0
sequence,b2,1,0
serial,c1,0,0
series,a2,1,0
serious,a2,1,0
seriously,b1,1,0
servant,b1,0,0
serve,a2,0,0
service,a2,0,0
session,b2,1,0
set,b1,0,0
set-up,c1,0,0
setting,b1,1,0
settle,b2,1,0
settlement,c1,0,0
settler,b2,0,0
seven,a1,0,0
seventeen,a1,0,0
seventy,a1,0,0
several,a2,0,0
severe,b2,1,0
severely,b2,0,0
sex,b1,0,0
sexual,b1,0,0
sexuality,c1,0,0
sexy,b2,0,0
shade,b2,1,0
shadow,b2,0,0
shake,b1,0,0
shall,a2,0,0
shallow,b2,1,0
shame,b2,0,0
shape,a2,0,0
shaped,b2,0,0
share,b1,0,0
shareholder,c1,0,0
sharp,b1,0,0
shatter,c1,1,0
she,a1,0,0
shed,c1,1,0
sheep,a1,0,0
sheer,c1,1,0
sheet,a2,1,0
shelf,b1,0,0
shell,b1,1,0
shelter,b2,1,0
shift,b1,1,0
shine,b1,1,0
shiny,b1,1,0
ship,a2,0,0
shipping,c1,0,0
shirt,a1,0,0
shock,b2,1,0
shocked,b2,0,0
shocking,b2,0,0
shoe,a1,0,0
shoot,c1,0,0
shooting,b2,0,0
shop,a1,0,0
shopping,a1,0,0
shore,b2,0,0
short,a1,1,0
short-term,b2,0,0
shortage,b2,0,0
shortly,b2,0,0
shot,b2,1,0
should,a1,0,0
shoulder,a2,0,0
shout,a2,0,0
show,a1,0,0
shower,a1,1,0
shrink,c1,1,0
shrug,c1,1,1
shut,a2,0,0
shy,b1,1,0
sibling,b2,0,0
sick,a1,1,0
side,a2,0,0
sigh,c1,1,0
sight,b1,0,0
sign,a2,1,0
signal,b1,1,1
signature,b2,1,0
significance,b2,1,0
significant,b2,1,0
significantly,b2,0,0
silence,b2,0,0
silent,b1,0,0
silk,b2,0,0
silly,b1,1,0
silver,a2,0,0
similar,a1,1,1
similarity,b1,0,0
similarly,b1,0,0
simple,a2,0,0
simply,b1,0,0
simulate,c1,1,0
simulation,c1,0,0
simultaneously,c1,0,0
sin,c1,0,0
since,b1,0,0
sincere,b2,1,0
sing,a1,0,0
singer,a1,0,0
singing,a2,0,0
single,a2,1,0
sink,b1,1,0
sir,a2,0,0
sister,a1,0,0
sit,a1,0,0
site,a2,1,0
situated,c1,0,0
situation,a1,0,0
six,a1,0,0
sixteen,a1,0,0
sixty,a1,0,0
size,a2,0,0
sketch,c1,1,0
ski,a2,0,0
skiing,a2,0,0
skill,a1,0,0
skilled,b2,0,0
skin,a2,0,0
skip,c1,1,0
skirt,a1,0,0
skull,b2,1,0
sky,a2,0,0
slam,c1,1,0
slap,c1,1,0
slash,c1,0,0
slave,b2,0,0
slavery,c1,0,0
sleep,a2,0,0
slice,b1,1,0
slide,b2,1,0
slight,b2,1,0
slightly,b1,1,0
slip,b2,1,0
slogan,b2,1,0
slope,b2,1,0
slot,c1,0,0
slow,a1,0,0
slowly,a2,0,0
small,a1,0,0
smart,b1,1,0
smartphone,a2,0,0
smash,c1,1,0
smell,a2,0,0
smile,a2,0,0
smoke,a2,0,0
smoking,a2,0,0
smooth,b1,1,0
snake,a1,0,0
snap,c1,1,0
snow,a1,0,0
so,a1,0,0
so-called,b2,0,0
soak,c1,1,0
soap,a2,0,0
soar,c1,1,0
soccer,a2,0,0
social,a2,0,0
socialist,c1,0,0
society,a2,0,0
sock,a2,1,0
soft,a2,0,0
software,b1,0,0
soil,b1,1,0
solar,b2,1,0
soldier,a2,1,0
sole,c1,1,0
solely,c1,1,0
solicitor,c1,1,0
solid,b1,0,0
solidarity,c1,1,0
solo,c1,1,0
solution,a2,1,0
solve,a2,0,0
some,a1,0,0
somebody,a1,0,0
somehow,b2,1,0
someone,a1,0,0
something,a1,0,0
sometime,b2,0,0
sometimes,a1,0,0
somewhat,b2,1,0
somewhere,a2,0,0
son,a1,0,0
song,a1,0,0
soon,a1,0,0
sophisticated,b2,1,0
sorry,a1,0,0
sort,a2,1,0
soul,b2,0,0
sound,c1,1,1
soup,a1,0,0
source,a2,1,0
south,a1,0,0
southern,b1,0,0
sovereignty,c1,1,0
space,a1,0,0
spam,c1,0,0
span,c1,1,0
spare,b2,1,0
spark,c1,1,0
speak,a1,0,0
speaker,a2,0,0
special,a1,0,0
specialist,b2,0,0
specialize,b2,1,0
specialized,c1,1,0
species,b2,1,0
specific,a2,1,0
specifically,b1,0,0
specification,c1,1,0
specify,b2,1,0
specimen,c1,1,0
spectacle,c1,1,0
spectacular,b2,1,0
spectator,b2,1,0
spectrum,c1,1,0
speculate,b2,1,1
speculation,b2,1,0
speech,a2,0,0
speed,a2,0,0
spell,c1,1,0
spelling,a1,0,0
spend,a1,0,0
spending,b1,0,0
sphere,c1,1,0
spice,b2,0,0
spicy,b1,0,0
spider,a2,0,0
spill,b2,1,0
spin,c1,1,0
spine,c1,0,0
spirit,b1,0,0
spiritual,b2,1,0
spite,b2,1,0
split,b2,1,0
spoil,b2,1,0
spoken,b1,0,0
spokesman,b2,1,0
spokesperson,b2,0,0
spokeswoman,b2,0,0
sponsor,b2,1,0
sponsorship,b2,0,0
spoon,a2,1,0
sport,a1,1,0
sporting,b2,0,0
spot,b1,1,0
spotlight,c1,0,0
spouse,c1,0,0
spread,b2,0,0
spring,a1,1,0
spy,c1,0,0
squad,c1,0,0
square,a2,1,0
squeeze,c1,1,0
stab,c1,1,0
stability,c1,1,0
stabilize,c1,0,0
stable,b2,1,0
stadium,b1,1,0
staff,b1,1,0
stage,a2,0,0
stair,a2,0,0
stake,c1,1,0
stall,b2,1,0
stamp,a2,0,0
stance,b2,0,0
stand,b2,0,0
standard,b1,1,0
standing,c1,1,0
star,a1,0,0
stare,b2,0,0
stark,c1,0,0
start,a2,0,0
starve,b2,1,0
state,b1,0,1
statement,a1,0,0
station,a1,0,0
statistic,b1,0,0
statistical,c1,0,0
statue,b1,1,0
status,b2,1,0
stay,a2,0,0
steadily,b2,0,0
steady,b2,1,0
steal,a2,0,0
steam,b2,0,0
steel,b2,0,0
steep,b2,1,0
steer,c1,1,0
stem,c1,1,0
step,a2,0,0
stereotype,c1,0,1
stick,b1,1,0
sticky,b2,1,0
stiff,b2,1,0
still,b1,0,0
stimulate,b2,1,0
stimulus,c1,0,1
stir,c1,0,0
stock,b2,1,0
stomach,a2,1,0
stone,a2,0,0
stop,a1,0,0
storage,c1,0,0
store,a2,0,0
storm,a2,0,0
story,a1,0,0
straight,a2,0,0
straightforward,c1,1,0
strain,c1,1,0
strand,c1,1,0
strange,a2,0,0
stranger,b1,0,0
strategic,c1,1,0
strategy,a2,1,0
stream,b2,0,0
street,a1,0,0
strength,b1,0,0
strengthen,b2,1,0
stress,a2,1,0
stretch,b2,1,0
strict,b2,0,0
strictly,b2,0,0
strike,b2,1,0
striking,c1,1,0
string,b1,1,0
strip,c1,1,1
strive,c1,1,0
stroke,b2,1,0
strong,a1,0,0
strongly,b1,0,0
structural,c1,1,0
structure,a2,1,0
struggle,b2,0,0
student,a1,0,0
studio,b1,1,0
study,a1,0,0
stuff,b1,1,0
stumble,c1,1,0
stun,c1,0,0
stunning,b2,0,0
stupid,a2,0,0
style,a1,1,0
subject,b2,1,0
submission,c1,0,1
submit,b2,1,0
subscriber,c1,0,0
subscription,c1,0,0
subsequent,b2,1,0
subsequently,b2,1,0
subsidy,c1,0,0
substance,b1,0,0
substantial,c1,1,1
substantially,c1,0,0
substitute,c1,1,0
substitution,c1,0,0
subtle,c1,1,0
suburb,b2,1,0
suburban,c1,0,0
succeed,a2,0,0
success,a1,0,0
successful,a2,0,0
successfully,b1,0,0
succession,c1,1,0
successive,c1,1,0
successor,c1,1,0
such,a2,0,0
suck,c1,1,0
sudden,b1,0,0
suddenly,a2,0,0
sue,c1,0,0
suffer,b1,0,0
suffering,b2,0,0
sufficient,b2,1,0
sufficiently,b2,0,0
sugar,a1,0,0
suggest,a2,0,0
suggestion,a2,0,0
suicide,c1,0,0
suit,a2,1,0
suitable,b1,1,0
suite,c1,1,0
sum,b2,1,0
summarize,b1,0,0
summary,b1,1,1
summer,a1,0,0
summit,c1,1,0
sun,a1,0,0
sunday,a1,0,0
super,b2,0,0
superb,c1,1,0
superior,c1,1,0
supermarket,a1,0,0
supervise,c1,1,0
supervision,c1,1,0
supervisor,c1,1,0
supplement,c1,1,1
supply,b1,0,0
support,a2,0,0
supporter,b1,0,0
supportive,c1,0,0
suppose,a2,1,0
supposedly,c1,0,0
suppress,c1,1,1
supreme,c1,1,0
sure,a1,0,0
surely,b1,0,0
surface,b1,1,0
surge,c1,1,1
surgeon,b2,1,0
surgery,b2,1,0
surgical,c1,0,0
surplus,c1,1,0
surprise,a2,0,0
surprised,a2,0,0
surprising,a2,0,0
surrender,c1,1,0
surround,b2,0,0
surrounding,b2,0,0
surveillance,c1,0,0
survey,a2,1,0
survival,b2,1,0
survive,b1,1,1
survivor,b2,1,0
suspect,b2,1,0
suspend,b2,1,1
suspension,c1,0,0
suspicion,c1,1,0
suspicious,c1,1,0
sustain,c1,1,0
sustainable,b2,0,0
swallow,b2,1,0
swear,b2,1,0
sweater,a1,1,0
sweep,b2,1,0
sweet,a2,0,0
swim,b1,0,0
swimming,a1,0,0
swing,c1,1,0
switch,b2,0,0
sword,c1,0,0
symbol,a2,1,0
symbolic,c1,0,0
sympathetic,b2,1,0
sympathy,b2,1,0
symptom,b1,1,0
syndrome,c1,0,0
synthesis,c1,1,0
system,a2,1,0
systematic,c1,1,0
t-shirt,a1,0,0
table,a1,1,0
tablet,a2,1,0
tackle,c1,1,0
tactic,c1,0,0
tactical,c1,0,0
tag,b2,1,0
tail,b1,0,0
take,a1,0,0
tale,b2,0,0
talent,b1,1,0
talented,b1,0,0
talk,a2,0,0
tall,a1,0,0
tank,b2,0,0
tap,b2,1,0
tape,b1,1,0
target,a2,1,0
task,a2,1,0
taste,a2,1,0
tax,b1,0,0
taxi,a1,0,0
taxpayer,c1,0,0
tea,a1,0,0
teach,a1,0,0
teacher,a1,0,0
teaching,a2,0,0
team,a1,1,0
tear,b2,1,0
technical,b1,1,0
technique,b1,1,0
technological,b2,0,0
technology,a2,1,0
teenage,a2,0,0
teenager,a1,0,0
teens,b2,0,0
telephone,a1,0,0
television,a1,0,0
tell,a1,0,0
temperature,a2,1,0
temple,b2,1,1
temporarily,b2,0,0
temporary,b2,1,1
tempt,c1,1,0
ten,a1,0,0
tenant,c1,1,0
tend,b1,1,0
tendency,b2,1,0
tender,c1,1,0
tennis,a1,0,0
tension,b2,1,0
tent,b1,0,0
tenure,c1,0,0
term,a2,1,0
terminal,c1,1,0
terminate,c1,1,1
terms,b2,0,0
terrain,c1,0,0
terrible,a1,0,0
terribly,b2,1,0
terrific,c1,1,0
terrify,b2,1,0
territory,b2,1,0
terror,b2,1,1
terrorism,b2,0,0
terrorist,b2,0,0
test,a1,0,0
testify,c1,1,0
testimony,c1,1,1
testing,b2,0,0
text,a1,1,0
textbook,b2,0,0
texture,c1,0,0
than,a1,0,0
thank,a1,0,0
thankfully,c1,0,0
thanks,a1,0,0
that,b1,0,0
the,a1,0,0
theatre,a1,0,0
theatrical,c1,1,0
theft,b2,1,0
their,a1,0,0
theirs,b1,0,0
them,a1,0,0
theme,b1,1,0
themselves,a2,0,0
then,a1,0,0
theology,c1,0,0
theoretical,c1,1,0
theory,b1,1,0
therapist,b2,0,0
therapy,b2,0,0
there,a1,0,0
thereafter,c1,0,0
thereby,c1,1,0
therefore,b1,1,0
thesis,b2,1,0
they,a1,0,0
thick,a2,0,0
thief,a2,0,0
thin,a2,0,0
thing,a1,0,0
think,a1,0,0
thinking,a2,0,0
third,a2,0,0
thirsty,a1,0,0
thirteen,a1,0,0
thirty,a1,0,0
this,b1,0,0
thorough,b2,1,0
thoroughly,b2,0,0
though,b1,0,0
thought,a2,0,0
thought-provoking,c1,0,0
thoughtful,c1,1,0
thousand,a1,0,0
thread,c1,1,0
threat,b2,0,0
threaten,b2,1,0
three,a1,0,0
threshold,c1,1,0
thrilled,c1,0,0
thrive,c1,1,0
throat,b1,1,0
through,a1,0,0
throughout,b1,1,0
throw,a2,0,0
thumb,b2,1,0
thursday,a1,0,0
thus,b2,0,0
ticket,a1,0,0
tide,c1,1,0
tidy,a2,1,0
tie,a2,0,0
tight,b1,0,0
tighten,c1,1,0
till,b1,0,0
timber,c1,1,0
time,a1,0,0
timely,c1,1,0
timing,b2,0,0
tin,b1,0,0
tiny,b1,0,0
tip,a2,1,0
tired,a1,0,0
tissue,b2,1,0
title,a1,1,0
to,a1,0,0
tobacco,c1,0,0
today,a1,0,0
toe,b1,1,0
together,a1,0,0
toilet,a1,0,0
tolerance,c1,1,0
tolerate,c1,1,0
toll,c1,1,0
tomato,a1,0,0
tomorrow,a1,0,0
ton,b2,0,0
tone,b2,0,1
tongue,b1,1,0
tonight,a1,0,0
tonne,b2,0,0
too,a1,0,0
tool,a2,0,0
tooth,a1,0,0
top,a2,0,0
topic,a1,1,0
torture,c1,1,0
toss,c1,1,0
total,b1,0,0
totally,b1,0,0
touch,b1,0,0
tough,b2,1,0
tour,a2,0,1
tourism,a2,1,0
tourist,a1,0,0
tournament,b2,0,0
towards,a2,0,0
towel,a2,1,0
tower,a2,1,0
town,a1,0,0
toxic,c1,0,1
toy,a2,0,0
trace,c1,1,0
track,a2,1,0
trade,b1,0,0
trademark,c1,0,0
trading,b2,0,0
tradition,a2,1,0
traditional,a2,0,0
traffic,a1,0,0
tragedy,b2,1,0
tragic,b2,0,0
trail,c1,1,0
trailer,c1,0,0
train,a1,0,0
trainer,a2,0,0
training,a2,0,0
trait,b2,0,0
transaction,c1,1,1
transcript,c1,0,0
transfer,b2,1,0
transform,b2,1,0
transformation,c1,1,0
transit,c1,1,1
transition,b2,1,0
translate,b1,0,0
translation,b1,0,0
transmission,c1,1,0
transmit,b2,1,0
transparency,c1,0,0
transparent,c1,1,0
transport,a2,1,0
transportation,b2,0,0
trap,b2,1,0
trauma,c1,0,0
travel,a1,0,0
traveller,a2,0,0
treasure,b2,0,0
treat,b1,0,0
treatment,b1,1,0
treaty,c1,1,0
tree,a1,0,0
tremendous,c1,1,0
trend,b1,1,0
trial,b2,1,0
tribal,c1,0,0
tribe,b2,1,0
tribunal,c1,0,0
tribute,c1,1,1
trick,b1,1,0
trigger,c1,1,0
trillion,b2,0,0
trio,c1,0,0
trip,a1,0,0
triumph,c1,1,0
troop,b2,0,0
trophy,c1,0,0
tropical,b2,1,0
trouble,a2,0,0
troubled,c1,0,0
trousers,a1,0,0
truck,a2,0,0
true,a1,0,0
truly,b2,0,0
trust,b2,0,0
trustee,c1,0,0
truth,b1,0,0
try,b2,0,0
tsunami,b2,0,0
tube,b1,1,0
tuesday,a1,0,0
tuition,c1,1,0
tune,b2,0,0
tunnel,b2,1,0
turn,a1,0,0
turnout,c1,0,0
turnover,c1,1,0
tv,a1,0,0
twelve,a1,0,0
twenty,a1,0,0
twice,a1,0,0
twin,a2,0,0
twist,c1,1,0
two,a1,0,0
type,a1,0,0
typical,a2,1,0
typically,b1,0,0
tyre,b1,1,0
ugly,b1,1,0
ultimate,b2,1,0
ultimately,b2,1,0
umbrella,a1,0,1
unable,b1,0,0
unacceptable,b2,0,0
uncertainty,b2,0,0
uncle,a1,0,0
uncomfortable,b1,0,0
unconscious,b2,1,0
under,a1,0,0
undergo,b2,1,0
undergraduate,c1,1,0
underground,a2,1,0
underlying,c1,1,0
undermine,c1,1,1
understand,a1,0,0
understanding,a2,0,0
undertake,b2,1,0
underwear,b1,0,0
undoubtedly,c1,1,0
unemployed,b1,0,0
unemployment,b1,0,0
unexpected,b2,0,0
unfair,b1,1,0
unfold,b2,1,0
unfortunate,b2,0,0
unfortunately,a2,1,0
unhappy,a2,0,0
uniform,a2,1,0
unify,c1,0,0
union,b1,0,0
unique,b2,1,0
unit,a2,0,0
unite,b2,0,0
united,a2,0,0
unity,b2,1,0
universal,b2,1,0
universe,b2,1,0
university,a1,0,0
unknown,b2,0,0
unless,b1,0,0
unlike,b1,0,0
unlikely,b1,1,0
unnecessary,b1,0,0
unpleasant,b1,0,0
unprecedented,c1,1,1
until,a1,0,0
unusual,a2,0,0
unveil,c1,0,0
up,a1,0,0
upcoming,c1,0,0
update,b1,0,0
upgrade,c1,0,0
uphold,c1,1,0
upon,b1,0,0
upper,b2,0,0
upset,b1,1,0
upstairs,a2,0,0
upwards,b2,0,0
urban,b2,1,0
urge,b2,1,0
urgent,b2,1,0
us,a1,0,0
usage,b2,0,0
use,a2,0,0
used,b1,0,0
used to,a2,0,0
useful,a1,0,0
useless,b2,0,0
user,a2,0,0
usual,a2,0,0
usually,a1,0,0
utility,c1,1,0
utilize,c1,1,0
utterly,c1,0,0
vacation,a1,1,0
vacuum,c1,1,0
vague,c1,1,0
valid,b2,1,0
validity,c1,1,0
valley,a2,1,0
valuable,b1,0,0
value,b1,0,0
van,a2,0,0
vanish,c1,1,0
variable,c1,1,0
variation,b2,1,0
varied,c1,1,0
variety,a2,1,1
various,b1,1,0
vary,b2,1,0
vast,b2,1,0
vegetable,a1,1,0
vehicle,a2,1,0
vein,c1,1,0
venture,c1,1,0
venue,b2,0,0
verbal,c1,1,0
verdict,c1,0,1
verify,c1,1,1
verse,c1,1,0
version,b1,1,0
versus,c1,0,0
vertical,b2,1,0
very,b2,0,0
vessel,c1,1,0
veteran,c1,1,1
via,b2,1,0
viable,c1,0,1
vibrant,c1,0,0
vice,c1,1,0
vicious,c1,1,0
victim,b1,0,0
victory,b2,1,0
video,a1,0,0
view,a2,0,0
viewer,b1,0,0
viewpoint,b2,0,0
village,a1,0,0
villager,c1,0,0
violate,c1,1,0
violation,c1,0,0
violence,b2,1,0
violent,b1,1,0
virtual,b2,1,0
virtue,c1,1,1
virus,a2,1,1
visa,b2,0,0
visible,b2,1,1
vision,b2,1,0
visit,a1,0,0
visitor,a1,0,0
visual,b2,1,0
vital,b2,1,1
vitamin,b2,0,0
vocal,c1,0,0
voice,a2,0,0
volume,b2,1,0
voluntary,b2,1,1
volunteer,b1,1,0
vote,b1,1,0
voting,b2,0,0
vow,c1,1,1
vulnerability,c1,0,0
vulnerable,c1,1,0
wage,b2,1,0
wait,a2,0,0
waiter,a1,0,0
wake,a1,1,0
walk,a1,0,0
wall,a1,0,0
wander,b2,1,0
want,a1,0,0
war,a2,0,0
ward,c1,1,0
warehouse,c1,1,0
warfare,c1,1,0
warm,a1,0,0
warming,b2,0,0
warn,b1,0,0
warning,b1,0,0
warrant,c1,1,0
warrior,c1,1,0
wash,a2,0,0
washing,a2,0,0
waste,b1,0,0
watch,a1,0,0
water,a1,0,0
wave,a2,0,0
way,b2,0,0
we,a1,0,0
weak,a2,0,0
weaken,c1,0,0
weakness,b2,0,0
wealth,b2,0,0
wealthy,b2,0,0
weapon,b1,1,0
wear,a1,0,0
weather,a1,1,0
weave,c1,1,0
web,a2,1,0
website,a1,0,0
wedding,a2,1,0
wednesday,a1,0,0
weed,c1,1,0
week,a1,0,0
weekend,a1,0,0
weekly,b2,0,0
weigh,b1,0,0
weight,a2,0,0
weird,b2,0,0
welcome,a1,0,0
welfare,b2,1,0
well,a1,0,0
well-being,c1,0,0
west,a1,0,0
western,b1,0,0
wet,a2,0,0
what,a1,0,0
whatever,c1,0,0
whatsoever,c1,0,0
wheat,b2,0,0
wheel,a2,0,0
when,a1,0,0
whenever,b1,0,0
where,a1,0,0
whereas,b2,1,0
whereby,c1,1,0
wherever,b2,0,0
whether,b1,0,0
which,a1,0,0
while,a2,0,0
whilst,c1,1,0
whip,c1,1,0
whisper,b2,1,0
white,a1,0,0
who,a1,0,0
whoever,b2,0,0
whole,a2,0,0
wholly,c1,0,0
whom,b2,0,0
whose,a2,0,0
why,a1,0,0
wide,a2,0,0
widely,b2,0,0
widen,c1,0,0
widespread,b2,1,0
widow,c1,0,0
width,c1,1,0
wife,a1,0,0
wild,a2,0,0
wildlife,b2,0,0
will,b1,0,0
willing,b2,0,0
willingness,c1,0,0
win,b1,0,0
wind,a2,0,0
window,a1,0,0
wine,a1,0,0
wing,b1,0,0
winner,a2,0,0
winter,a1,0,0
wipe,c1,0,0
wire,b2,0,0
wisdom,b2,1,0
wise,b2,0,0
wish,a2,0,0
wit,c1,1,0
with,a1,0,0
withdraw,b2,1,0
withdrawal,c1,1,0
within,b1,0,0
without,a1,0,0
witness,b2,1,0
woman,a1,0,0
wonder,b1,0,0
wonderful,a1,0,0
wood,a2,0,0
wooden,a2,0,0
wool,b1,1,0
word,a1,0,0
work,a1,0,0
worker,a1,0,0
workforce,b2,0,0
working,a2,0,0
workout,c1,0,0
workplace,b2,0,0
workshop,b2,0,0
world,a1,0,0
worldwide,b1,1,0
worm,b2,0,0
worried,a2,0,0
worry,b1,0,0
worse,a2,0,0
worship,c1,0,0
worst,a2,1,0
worth,b1,0,0
worthwhile,c1,1,0
worthy,c1,0,0
would,a1,0,0
wound,b2,0,0
wow,a2,0,0
wrap,b2,1,0
wrist,b2,1,0
write,a1,0,0
writer,a1,0,0
writing,a1,0,0
written,b1,0,0
wrong,a1,0,0
yard,b1,1,0
yeah,a1,0,0
year,a1,0,0
yell,c1,0,0
yellow,a1,0,0
yes,a1,0,0
yesterday,a1,0,0
yet,a2,0,0
yield,c1,1,0
you,a1,0,0
young,a1,0,0
youngster,c1,0,0
your,a1,0,0
yours,a2,0,0
yourself,a1,0,0
youth,b1,0,0
zero,a2,0,0
zone,b2,1,0
